epoch,loss_d,loss_g,step,train_disc,train_dur,train_fm,train_gen,train_kl,train_mel
0,2.5411882400512695,24.130590438842773,24,2.5411882400512695,1.599716067314148,6.407886028289795,2.2066125869750977,1.8454082012176514,0.2682437598705292
0,2.0503077507019043,45.244407653808594,49,2.0503077507019043,1.4155224561691284,14.514585494995117,5.269435405731201,2.385235548019409,0.48132506012916565
0,2.390845775604248,25.686054229736328,74,2.390845775604248,1.5235449075698853,6.214257717132568,2.711679220199585,2.5503885746002197,0.28191524744033813
0,1.4921743869781494,39.0010871887207,99,1.4921743869781494,1.4980137348175049,9.319129943847656,3.7256879806518555,2.2525832653045654,0.49345943331718445
0,1.7522385120391846,36.58168029785156,124,1.7522385120391846,1.5560511350631714,11.452054023742676,4.40356969833374,1.5530508756637573,0.39148789644241333
0,2.0187079906463623,40.37015151977539,149,2.0187079906463623,1.4486956596374512,11.771074295043945,3.832160472869873,2.349024534225464,0.4659821093082428
0,1.460152268409729,43.22260284423828,174,1.460152268409729,1.4124860763549805,13.070365905761719,4.129759311676025,2.687316656112671,0.4871705174446106
0,2.8910322189331055,38.888946533203125,199,2.8910322189331055,1.465717077255249,11.759330749511719,4.298971176147461,2.418675184249878,0.42102789878845215
0,2.020369291305542,38.89335250854492,224,2.020369291305542,1.4944493770599365,11.852096557617188,3.9359779357910156,1.6048029661178589,0.4445783793926239
0,1.89967679977417,36.07394790649414,249,1.89967679977417,1.5997304916381836,10.562268257141113,3.8173723220825195,1.9523977041244507,0.40315958857536316
0,1.7024815082550049,41.242488861083984,274,1.7024815082550049,1.5231412649154663,13.856328964233398,3.4235308170318604,1.6207242012023926,0.4626392424106598
0,2.2654716968536377,25.81733512878418,299,2.2654716968536377,1.735148549079895,7.056845188140869,3.41872239112854,1.630007028579712,0.2661468982696533
0,1.9160325527191162,40.347145080566406,324,1.9160325527191162,1.5700314044952393,12.214160919189453,3.5052008628845215,2.5513505935668945,0.45569783449172974
0,1.9227726459503174,41.4058837890625,349,1.9227726459503174,1.51542067527771,14.136821746826172,3.455620765686035,1.4898686408996582,0.46240338683128357
1,1.575760841369629,39.115211486816406,374,1.575760841369629,1.5542511940002441,11.88979434967041,3.2718141078948975,1.4287259578704834,0.4660138785839081
1,2.6450581550598145,42.803009033203125,399,2.6450581550598145,1.5483434200286865,12.131170272827148,6.099896430969238,2.1396803855895996,0.4640870988368988
1,1.929034948348999,30.988487243652344,424,1.929034948348999,1.5279040336608887,6.826759338378906,3.0542614459991455,1.7094156742095947,0.3971143662929535
1,1.8691359758377075,37.3819465637207,449,1.8691359758377075,1.4140026569366455,13.831847190856934,3.112135887145996,1.6563293933868408,0.38594743609428406
1,1.8852009773254395,31.96460723876953,474,1.8852009773254395,1.724564552307129,10.195368766784668,3.449981689453125,1.3726913928985596,0.33826667070388794
1,2.0360465049743652,34.38550567626953,499,2.0360465049743652,1.6488466262817383,9.933209419250488,3.7426443099975586,1.726539134979248,0.3852058947086334
1,1.772883653640747,38.26930618286133,524,1.772883653640747,1.5039044618606567,9.903104782104492,4.096123218536377,1.7750968933105469,0.46646833419799805
1,2.46262264251709,41.2027587890625,549,2.46262264251709,1.4950429201126099,12.380205154418945,4.021618366241455,1.5759449005126953,0.4828876554965973
1,1.76897132396698,36.385986328125,574,1.76897132396698,1.5029281377792358,10.332807540893555,3.346374750137329,1.9496097564697266,0.4278726279735565
1,2.0539965629577637,43.344764709472656,599,2.0539965629577637,1.598233699798584,14.829584121704102,3.8815548419952393,2.0902724266052246,0.46544715762138367
1,1.963768482208252,41.41874694824219,624,1.963768482208252,1.4689632654190063,13.942107200622559,4.207598686218262,2.0083844661712646,0.4398154318332672
1,2.180777072906494,40.98103713989258,649,2.180777072906494,1.552443504333496,11.576610565185547,3.551645040512085,2.487950563430786,0.48471975326538086
1,1.8122849464416504,44.310394287109375,674,1.8122849464416504,1.5051071643829346,13.738249778747559,3.813997745513916,2.308155059814453,0.5098862648010254
1,2.0491230487823486,35.65950012207031,699,2.0491230487823486,1.5210530757904053,9.955141067504883,3.493514060974121,2.5276706218719482,0.403602659702301
1,1.717289686203003,39.72690200805664,724,1.717289686203003,1.5261952877044678,13.636184692382812,3.238467216491699,2.000936269760132,0.42944708466529846
2,2.56964373588562,22.074758529663086,749,2.56964373588562,1.3208746910095215,6.6850481033325195,2.4484729766845703,1.9240118265151978,0.215474471449852
2,2.021787405014038,35.039710998535156,774,2.021787405014038,1.7802023887634277,9.795790672302246,3.7120513916015625,2.0443484783172607,0.39349594712257385
2,1.6272403001785278,40.20089340209961,799,1.6272403001785278,1.5631496906280518,12.375657081604004,4.096182823181152,1.5167958736419678,0.458869069814682
2,1.8982053995132446,40.56365966796875,824,1.8982053995132446,1.5783120393753052,10.624907493591309,3.842764377593994,1.8816803693771362,0.5030221343040466
2,1.6022672653198242,41.04059600830078,849,1.6022672653198242,1.582573413848877,12.6932373046875,3.1723062992095947,2.0809390544891357,0.47803425788879395
2,1.8824185132980347,37.05720520019531,874,1.8824185132980347,1.5343586206436157,10.949039459228516,2.946781635284424,1.6423231363296509,0.44410449266433716
2,1.8539577722549438,38.428802490234375,899,1.8539577722549438,1.546855092048645,12.574731826782227,2.744910717010498,1.6476420164108276,0.44254809617996216
2,2.1247501373291016,27.93678855895996,924,2.1247501373291016,1.6194181442260742,6.891549110412598,2.610426425933838,1.3044867515563965,0.3446868360042572
2,2.24015736579895,31.78150177001953,949,2.24015736579895,1.4749388694763184,11.289772987365723,2.538656711578369,1.8526177406311035,0.3250114619731903
2,1.9405319690704346,39.155975341796875,974,1.9405319690704346,1.6145198345184326,13.583845138549805,3.1998414993286133,1.1497849225997925,0.4357329308986664
2,1.542426347732544,44.56401443481445,999,1.542426347732544,1.566291332244873,16.552648544311523,4.139603137969971,1.9810154438018799,0.4516546428203583
2,1.9121315479278564,37.502281188964844,1024,1.9121315479278564,1.446162462234497,11.668167114257812,3.872244358062744,1.4351634979248047,0.424012154340744
2,1.7344720363616943,39.05451202392578,1049,1.7344720363616943,1.5568811893463135,12.596327781677246,3.5612478256225586,1.6380820274353027,0.4378216862678528
2,1.8347928524017334,37.34989929199219,1074,1.8347928524017334,1.5099167823791504,10.965659141540527,3.93424129486084,1.9389679431915283,0.42224693298339844
3,1.9629273414611816,41.90414810180664,1099,1.9629273414611816,1.654252529144287,14.213854789733887,4.4062581062316895,1.2525067329406738,0.45282840728759766
3,1.3551414012908936,41.481964111328125,1124,1.3551414012908936,1.4713244438171387,15.194451332092285,4.279098033905029,1.7924175262451172,0.4165482521057129
3,2.2030670642852783,38.54050064086914,1149,2.2030670642852783,1.5060619115829468,13.258047103881836,2.5998966693878174,1.235711932182312,0.4431285858154297
3,1.6196739673614502,32.42265701293945,1174,1.6196739673614502,1.5013542175292969,9.561155319213867,3.405763864517212,1.7813159227371216,0.35940152406692505
3,1.9270920753479004,38.19269943237305,1199,1.9270920753479004,1.4916331768035889,11.284398078918457,3.8718907833099365,1.7780494689941406,0.4392605721950531
3,1.2866697311401367,43.327430725097656,1224,1.2866697311401367,1.501262903213501,15.239786148071289,4.681882858276367,1.8123751878738403,0.44649171829223633
3,2.013474941253662,36.93540954589844,1249,2.013474941253662,1.5612373352050781,9.49223804473877,4.365560531616211,1.2927439212799072,0.4494139850139618
3,1.8287968635559082,41.83278274536133,1274,1.8287968635559082,1.4783282279968262,10.887907981872559,3.706981897354126,1.9301915168762207,0.5295416712760925
3,2.2514448165893555,37.77183151245117,1299,2.2514448165893555,1.4362106323242188,10.70610237121582,2.821748733520508,1.9989280700683594,0.46241864562034607
3,2.497591495513916,8.817085266113281,1324,2.497591495513916,1.5765998363494873,1.7770586013793945,1.74101722240448,1.110977292060852,0.058031827211380005
3,2.1853692531585693,35.87942886352539,1349,2.1853692531585693,1.518568515777588,9.113042831420898,2.3536739349365234,1.8178335428237915,0.468362420797348
3,2.3249969482421875,30.599899291992188,1374,2.3249969482421875,1.4653656482696533,5.738096714019775,2.7381591796875,1.7769930362701416,0.41958409547805786
3,2.112056016921997,28.54234504699707,1399,2.112056016921997,1.3877058029174805,6.718703269958496,3.0651350021362305,1.5267971754074097,0.352088987827301
3,2.0585830211639404,38.916683197021484,1424,2.0585830211639404,1.3933696746826172,12.470609664916992,3.1220526695251465,1.778918981552124,0.4478161931037903
3,1.2970997095108032,40.40629959106445,1449,1.2970997095108032,1.4819945096969604,12.707642555236816,4.356237888336182,1.9913500547409058,0.44153499603271484
4,2.175793409347534,41.62851333618164,1474,2.175793409347534,1.5021755695343018,13.952590942382812,5.304891109466553,2.051457405090332,0.41816446185112
4,2.1791741847991943,33.47013473510742,1499,2.1791741847991943,1.4745855331420898,8.164836883544922,3.262493133544922,1.9628522396087646,0.4134526252746582
