1895._panorama_sjevernog_dijela_grada_lijevo_Crkva_svete_bogorodice_000.png	Zenica.
1895._panorama_sjevernog_dijela_grada_lijevo_Crkva_svete_bogorodice_001.png	Restaurateur
1895._panorama_sjevernog_dijela_grada_lijevo_Crkva_svete_bogorodice_002.png	Gühl,
1895._panorama_sjevernog_dijela_grada_lijevo_Crkva_svete_bogorodice_003.png
1895._panorama_sjevernog_dijela_grada_lijevo_Crkva_svete_bogorodice_004.png	von
1895._panorama_sjevernog_dijela_grada_lijevo_Crkva_svete_bogorodice_005.png	Gruss
1895._panorama_sjevernog_dijela_grada_lijevo_Crkva_svete_bogorodice_006.png	aus
1895._panorama_sjevernog_dijela_grada_lijevo_Crkva_svete_bogorodice_007.png	Zenica.
1895._panorama_sjevernog_dijela_grada_lijevo_Crkva_svete_bogorodice_008.png
1895._panorama_sjevernog_dijela_grada_lijevo_Crkva_svete_bogorodice_009.png	11/10.1902.
1895._panorama_sjevernog_dijela_grada_lijevo_Crkva_svete_bogorodice_010.png
1895._panorama_sjevernog_dijela_grada_lijevo_Crkva_svete_bogorodice_011.png	Verlag
20130606_Mostar_001_000.png	SHOP
20130606_Mostar_001_001.png	EP
20130606_Mostar_005_000.png	SIEMENS
20130606_Mostar_005_001.png	BEKO
20130606_Mostar_005_002.png	AVDO
20130606_Mostar_005_003.png	JE
20130606_Mostar_005_004.png	Gorenje
20130606_Mostar_005_005.png	BIJELA
20130606_Mostar_005_006.png	TEHNIKA
20130606_Mostar_005_007.png	ZLATN
20130606_Mostar_005_008.png	Samsung
20130606_Mostar_005_009.png	TV VIDEO I AUDIO
20130606_Mostar_005_010.png	TEHN
20130606_Mostar_005_011.png	LG
20130606_Mostar_005_012.png	TIK
20130606_Mostar_005_013.png	SIEMENS
20130606_Mostar_005_014.png	MALI KUĆANSKI
20130606_Mostar_005_015.png	gorenje
20130606_Mostar_005_016.png	Panase
20130606_Mostar_005_017.png	SAT. OPREMA
20130606_Mostar_005_018.png	TELEFO
20130606_Mostar_005_019.png	KLIMA
20130606_Mostar_005_020.png	UREJ
20130606_Mostar_005_021.png
20130606_Mostar_005_022.png	palma
20130606_Mostar_005_023.png	AUTOBUSKA STANICA
20130606_Mostar_005_024.png	ULAZ
20130606_Mostar_005_025.png
20130606_Mostar_005_026.png
20130606_Mostar_006_000.png	FUEGO
20130606_Mostar_006_001.png	Pils
20130606_Mostar_006_002.png	STR
20130606_Mostar_006_003.png	BEJRUT
20130606_Mostar_006_004.png	MB
20130606_Mostar_006_005.png	MB Pils
20130606_Mostar_006_006.png	BAS DOBRO
20130606_Mostar_006_007.png	MB
20130606_Mostar_006_008.png	BIG
20130606_Mostar_006_009.png	Pilsener
20130606_Mostar_006_010.png	Jr
20130606_Mostar_006_011.png	kiseljak
20130606_Mostar_006_012.png	kiseljak
20130606_Mostar_006_013.png	Tempo
20130606_Mostar_006_014.png	Coca-Cola
20130606_Mostar_006_015.png	Cappy
20130606_Mostar_006_016.png	USUDI SE PROBA
20130606_Mostar_006_017.png	ŠECERA
20130606_Mostar_006_018.png	Ant.
20130606_Mostar_006_019.png	SARAJEVSKA
20130606_Mostar_006_020.png	#Ant.
20130606_Mostar_006_021.png	Ant ürün
20130606_Mostar_006_022.png	MB
20130606_Mostar_006_023.png	CAFFE
20130606_Mostar_006_024.png	SHD
20130606_Mostar_006_025.png	Ožujsko
20130606_Mostar_006_026.png	NOVO
20130606_Mostar_006_027.png	sky Cola
20130606_Mostar_006_028.png	floriol
20130606_Mostar_012_000.png	rt
20130606_Mostar_012_001.png	HOTEL
20130606_Mostar_012_002.png	LLEGRINO
20130606_Mostar_012_003.png	70m
20130606_Mostar_012_004.png	70m
20130606_Mostar_102_000.png	oca
20130606_Mostar_102_001.png	Co
20130606_Mostar_102_002.png	MEGOVIC
20130606_Mostar_102_003.png	10
20130606_Mostar_102_004.png	unicef
20130606_Mostar_102_005.png	BRED
20130606_Mostar_102_006.png	PT
20130606_Mostar_102_007.png	he's
20130606_Mostar_102_008.png	PRODA
20130606_Mostar_102_009.png	16
20130606_Mostar_102_010.png	TO 16 KM LE 8 €
20130606_Mostar_102_011.png	MOSTAR
20130606_Mostar_102_012.png	MESSI
20130606_Mostar_102_013.png	10
20130606_Mostar_102_014.png	S
20130606_Mostar_102_015.png	ACCOMMODATION
20130606_Mostar_102_016.png	5m
20130606_Mostar_102_017.png	kusi
20130606_Mostar_102_018.png	DAY TOURS
20130606_Mostar_102_019.png	ercegovinu ti tipici dell'Erzegovina
20130606_Mostar_102_020.png	HERZEG
20130606_Mostar_102_021.png	prodotti
20130606_Mostar_102_022.png	erzegovina
20130606_Mostar_102_023.png	TERASA
20130606_Mostar_102_024.png	MOS
20130606_Mostar_102_025.png	HOUSE
20130606_Mostar_102_026.png	MOSTARSKA
20130606_Mostar_102_027.png	KUĆA
