A_plaque_dedicated_to_British_and_Serbian_cooperation_Banja_Luka_000.png	OF
A_plaque_dedicated_to_British_and_Serbian_cooperation_Banja_Luka_007.png	IN THE
A_plaque_dedicated_to_British_and_Serbian_cooperation_Banja_Luka_008.png	PEACE
A_plaque_dedicated_to_British_and_Serbian_cooperation_Banja_Luka_009.png	SERVICE
A_plaque_dedicated_to_British_and_Serbian_cooperation_Banja_Luka_010.png	AND
A_plaque_dedicated_to_British_and_Serbian_cooperation_Banja_Luka_011.png	FREEDOM
A_plaque_dedicated_to_British_and_Serbian_cooperation_Banja_Luka_012.png	COMMEMORATION
A_plaque_dedicated_to_British_and_Serbian_cooperation_Banja_Luka_013.png	BRITISH
A_plaque_dedicated_to_British_and_Serbian_cooperation_Banja_Luka_015.png	MILITARY
A_plaque_dedicated_to_British_and_Serbian_cooperation_Banja_Luka_016.png	WHO
A_plaque_dedicated_to_British_and_Serbian_cooperation_Banja_Luka_017.png	BOSNIA
A_plaque_dedicated_to_British_and_Serbian_cooperation_Banja_Luka_018.png	PERSONNEL
A_plaque_dedicated_to_British_and_Serbian_cooperation_Banja_Luka_019.png	SERVED
A_plaque_dedicated_to_British_and_Serbian_cooperation_Banja_Luka_020.png	HERZEGOVINA
Andrzej_Krawczyk_-_tablica_000.png	AMBASADOR
Andrzej_Krawczyk_-_tablica_001.png	ANDRZEJ KRAWCZYK
Andrzej_Krawczyk_-_tablica_002.png	POLJSKA
Andrzej_Tyszkiewicz_-_tablica_000.png	MBASADOR
Andrzej_Tyszkiewicz_-_tablica_001.png	ANDRZEJ
Andrzej_Tyszkiewicz_-_tablica_002.png	TYSZKIEWICZ
Andrzej_Tyszkiewicz_-_tablica_003.png	REPUBLIKA
Andrzej_Tyszkiewicz_-_tablica_004.png	POLJSKA
Asassination_memorial_000.png	SA OVOG MJESTA 28.JUNA 1914.GODINE
Asassination_memorial_001.png	GAVRILO PRINCIP JE IZVRŠIO ATENTAT NA
Asassination_memorial_002.png	AUSTROUGARSKOG PRESTOLONASLJEDNIKA
Asassination_memorial_003.png	FRANCA FERDINANDA I NJEGOVU SUPRUGU
Asassination_memorial_004.png	SOFIJU
Asassination_memorial_005.png	FROM THIS PLACE
Asassination_memorial_006.png	ON 28 JUNE 1914
Asassination_memorial_007.png	GAVRILO PRINCIP ASSASSINATED THE HEIR
Asassination_memorial_008.png	TO THE AUSTRO-HUNGARIAN THRONE
Asassination_memorial_009.png	FRANZ FERDINAND AND HIS WIFE SOFIA
BanjalukaPartneriTabla_001.png	CITY OF
BanjalukaPartneriTabla_003.png	BANJA LUKA
BanjalukaPartneriTabla_005.png	CITY OF PARTNERS
BanjalukaPartneriTabla_007.png	PATRAS
BanjalukaPartneriTabla_009.png	MOSCOW
BanjalukaPartneriTabla_011.png	BELGRADE
BanjalukaPartneriTabla_013.png	KAISERSLAUTERN
BanjalukaPartneriTabla_015.png	LVIV
BaščaršijaSarajevo_2__000.png	OTKUP
BaščaršijaSarajevo_2__001.png	ZLATA
BaščaršijaSarajevo_2__002.png	Mesić
BaščaršijaSarajevo_2__004.png	OTKUP
BaščaršijaSarajevo_2__006.png	OPTIKA
BaščaršijaSarajevo_2__007.png	ZLATA
BaščaršijaSarajevo_2__008.png	Durak
Bingo_supermarket_Trebinje_2024_000.png	Bingo plus
Bingo_supermarket_Trebinje_2024_001.png	Bingo
Bingo_supermarket_Trebinje_2024_005.png	Bingo
Bistrik_kula_observatory_information_board_000.png	Bistrik - kula sa astronomskom
Bistrik_kula_observatory_information_board_001.png	opservatorijom
Bistrik_kula_observatory_information_board_012.png	military fortress
Bistrik_kula_observatory_information_board_028.png	Military
Bistrik_kula_observatory_information_board_083.png	1972 during
Bistrik_kula_observatory_information_board_127.png	building with
Bistrik_kula_observatory_information_board_147.png	OPĆI
Bistrik_kula_observatory_information_board_152.png	izgradnje
Board_of_Republika_Srpska_002.png	WELCOME
Board_of_Republika_Srpska_003.png	TO REPUBLIC OF SRPSKA
Bosnia_Huskovici_Sign_Trajkovski_Memorial_001.png	Matića Brdo
Bosnia_Huskovici_Sign_Trajkovski_Memorial_003.png	OBILJEŽJE
Bosnia_Huskovici_Sign_Trajkovski_Memorial_004.png	SPOMEN
Bosnia_Huskovici_Sign_Trajkovski_Memorial_005.png	DELEGACIJE
Bosnia_Huskovici_Sign_Trajkovski_Memorial_006.png	AVIONA
Bosnia_Huskovici_Sign_Trajkovski_Memorial_007.png	MAKEDONIJE
Bosnia_Huskovici_Sign_Trajkovski_Memorial_008.png	PADA
Bosnia_Huskovici_Sign_Trajkovski_Memorial_009.png	REPUBLIKE
Bosnian_Road_Sign_000.png	BiH
Bosnian_Road_Sign_001.png	Bosna
Bosnian_Road_Sign_003.png	Hercegovina
Caritas_Mostar_Street_Sign_000.png	Caritas Mostar
Caritas_Mostar_Street_Sign_001.png	CARITASOVE USTANOVE
Caritas_Mostar_Street_Sign_002.png	ZA OSOBE S POSEBNIM POTREBAMA
Caritas_Mostar_Street_Sign_003.png	NAZARET
Caritas_Mostar_Street_Sign_004.png	SVETA OBITELJ
Cyrillic_scratched_out_on_a_road_sign_in_Bosnia_000.png	Dubrovnik
Cyrillic_scratched_out_on_a_road_sign_in_Bosnia_001.png	Opuzen
Cyrillic_scratched_out_on_a_road_sign_in_Bosnia_002.png	Neum
Cyrillic_scratched_out_on_a_road_sign_in_Bosnia_003.png	Svitava
Despot_supermarket_in_Rogatica_Bosnia_and_Herzegovina_000.png	FRUCTAL
Despot_supermarket_in_Rogatica_Bosnia_and_Herzegovina_001.png	supermarket
Despot_supermarket_in_Rogatica_Bosnia_and_Herzegovina_002.png	OPEN
Despot_supermarket_in_Rogatica_Bosnia_and_Herzegovina_003.png	TUBORG
Despot_supermarket_in_Rogatica_Bosnia_and_Herzegovina_005.png	NISI
Despot_supermarket_in_Rogatica_Bosnia_and_Herzegovina_006.png	ILI JESI ILI NISI PROBAO
Despot_supermarket_in_Rogatica_Bosnia_and_Herzegovina_007.png	DESPOT
Despot_supermarket_in_Rogatica_Bosnia_and_Herzegovina_008.png	RODE
Donji_Svilaj_village_sign_000.png	Donji Svilaj
Earthquake_memorial_broken_clock_and_Dragicevic_heart_Trg_Kraijna_Banja_Luka_000.png	aqualab
Earthquake_memorial_broken_clock_and_Dragicevic_heart_Trg_Kraijna_Banja_Luka_001.png	NON-STOP LAB 00
Earthquake_memorial_broken_clock_and_Dragicevic_heart_Trg_Kraijna_Banja_Luka_002.png	SVE LABORATORIJSKO NA JEDNOM MJESTU
Earthquake_memorial_broken_clock_and_Dragicevic_heart_Trg_Kraijna_Banja_Luka_004.png	LABORATORIJA VAŠE PORODICE, USLUGE PATRONAŽE
Earthquake_memorial_broken_clock_and_Dragicevic_heart_Trg_Kraijna_Banja_Luka_012.png	OFFICE
Earthquake_memorial_broken_clock_and_Dragicevic_heart_Trg_Kraijna_Banja_Luka_014.png	DIOPTRA
Earthquake_memorial_broken_clock_and_Dragicevic_heart_Trg_Kraijna_Banja_Luka_015.png	Terranova
Earthquake_memorial_broken_clock_and_Dragicevic_heart_Trg_Kraijna_Banja_Luka_018.png	Tuzla
Earthquake_memorial_broken_clock_and_Dragicevic_heart_Trg_Kraijna_Banja_Luka_021.png	Dok Vrbas
Earthquake_memorial_broken_clock_and_Dragicevic_heart_Trg_Kraijna_Banja_Luka_022.png	žubori,
Earthquake_memorial_broken_clock_and_Dragicevic_heart_Trg_Kraijna_Banja_Luka_023.png	PLAZMA
Earthquake_memorial_broken_clock_and_Dragicevic_heart_Trg_Kraijna_Banja_Luka_024.png	Za neke žene,
Earthquake_memorial_broken_clock_and_Dragicevic_heart_Trg_Kraijna_Banja_Luka_025.png	sopstveni dom
Earthquake_memorial_broken_clock_and_Dragicevic_heart_Trg_Kraijna_Banja_Luka_026.png	je najopasnije
Earthquake_memorial_broken_clock_and_Dragicevic_heart_Trg_Kraijna_Banja_Luka_029.png	SKECHERS GLIDE·STEP
Earthquake_memorial_broken_clock_and_Dragicevic_heart_Trg_Kraijna_Banja_Luka_032.png	plazma
Earthquake_memorial_broken_clock_and_Dragicevic_heart_Trg_Kraijna_Banja_Luka_033.png	OFFICE SHOES
Earthquake_memorial_broken_clock_and_Dragicevic_heart_Trg_Kraijna_Banja_Luka_034.png	OFFICE SHOES
Editing_Wikipedia_Workshop_in_Visegrad_-_78_001.png	OVOM MJESTU SE PRIJE STOTINU
Editing_Wikipedia_Workshop_in_Visegrad_-_78_002.png	GODINA ZAISKRILA PLEMENITA
Editing_Wikipedia_Workshop_in_Visegrad_-_78_003.png	MISAO
Editing_Wikipedia_Workshop_in_Visegrad_-_78_004.png	PROSVJEĆIVANJU MLADIH NARAŠTAJA
Editing_Wikipedia_Workshop_in_Visegrad_-_78_005.png	IZ NJE JE PONIKAO RASADNIK PISMENOSTI
Editing_Wikipedia_Workshop_in_Visegrad_-_78_006.png	I SIGURNI PUTOKAZ DA SE PROĐU TVRDE
Editing_Wikipedia_Workshop_in_Visegrad_-_78_007.png	STAZE PUTA PREMA SLOBODI.
Editing_Wikipedia_Workshop_in_Visegrad_-_78_008.png	MEĐU ONIMA KOJI SU ODAVDE PONIJELI
Editing_Wikipedia_Workshop_in_Visegrad_-_78_009.png	MISAO
Editing_Wikipedia_Workshop_in_Visegrad_-_78_010.png	SVAKOLIKOJ I NEIZBJEŽNOJ
Editing_Wikipedia_Workshop_in_Visegrad_-_78_011.png	POTREBI BOGATSTVA I LJEPOTI SVIJETA
Editing_Wikipedia_Workshop_in_Visegrad_-_78_012.png	BIO JE I IVO
Editing_Wikipedia_Workshop_in_Visegrad_-_78_013.png	ANDRIĆ
Editing_Wikipedia_Workshop_in_Visegrad_-_78_014.png	JUNA 1981. GODINE
Editing_Wikipedia_Workshop_in_Visegrad_-_78_015.png	SSRN OPŠTINE VIŠEGRAD
Empty_shelves_in_store_004.png	KUPCE, TE DA SVOJE
Empty_shelves_in_store_008.png	TAKO, DA OSTAL KUPITI OSNOVNE
Empty_shelves_in_store_018.png	(BRASNO=6KG, ULJE,
Empty_shelves_in_store_019.png	UNAPRIJED ZA VAS MERCATOR
Empty_shelves_in_store_022.png	VAS MERCATOR!
Empty_shelves_in_store_023.png	MOLIMO VAS DA
Empty_shelves_in_store_024.png	POSTUJETE I OSTALE
Empty_shelves_in_store_025.png	POTREBE PRILAGODITE
Empty_shelves_in_store_030.png	VAS MERCATOR
Entrance_in_Bosnia_and_Herzegovina_from_Croatia_000.png	DOBRO DOŠLI U BOSNU
Entrance_in_Bosnia_and_Herzegovina_from_Croatia_001.png	HERCEGOVINU
Entrance_in_Bosnia_and_Herzegovina_from_Croatia_002.png	NEUM
Entrance_in_Bosnia_and_Herzegovina_from_Croatia_005.png	WELCOME TO BOSNIA AND HERZEGOVINA
Entrance_in_Bosnia_and_Herzegovina_from_Croatia_006.png	NEUM
Entrance_to_Zenica_000.png	Vitez
Entrance_to_Zenica_003.png	Capajeno
Eyof_2019_sign_000.png	Jahorina
Eyof_2019_sign_001.png	EYOF 2019
Eyof_2019_sign_004.png	Dvorišta
Eyof_2019_sign_005.png	EYOF 2019
Eyof_2019_sign_008.png	Ol. dvorana J.A.Samaranch
Eyof_2019_sign_009.png	Olympic Hall J.A.Samaranch
Eyof_2019_sign_010.png	EYOF
Eyof_2019_sign_014.png	Skenderija
Eyof_2019_sign_015.png	EYOF
Eyof_2019_sign_019.png	INTESA SANPAOLO BANKA
Eyof_2019_sign_024.png	Nikada
Eyof_2019_sign_027.png	Centrotrans
Eyof_2019_sign_028.png	KATERA
Eyof_2019_sign_030.png	nije bila
Eyof_2019_sign_032.png	niža!
Gas_Station_Nešković_Нешковић_000.png	NEŠKOVIĆ
Gas_Station_Nešković_Нешковић_001.png	SAMOUSLUŽNO PR
Gas_Station_Nešković_Нешковић_002.png	NEŠKOVIĆ
Gas_Station_Nešković_Нешковић_003.png	NEŠKOVIĆ
Gas_Station_Nešković_Нешковић_005.png	NEŠKOVIĆ
Gavrilo_princip_memorial_plaque_2009_edit1_000.png	SA OVOG MJESTA 28.JUNA 1914.GODINE
Gavrilo_princip_memorial_plaque_2009_edit1_001.png	GAVRILO PRINCIP JE IZVRŠIO ATENTAT NA
Gavrilo_princip_memorial_plaque_2009_edit1_002.png	AUSTROUGARSKOG PRESTOLONASLJEDNIK A
Gavrilo_princip_memorial_plaque_2009_edit1_003.png	FRANCA FERDINANDA I NJEGOVU SUPRUGU
Gavrilo_princip_memorial_plaque_2009_edit1_004.png	SOFIJU
Gavrilo_princip_memorial_plaque_2009_edit1_005.png	FROM
Gavrilo_princip_memorial_plaque_2009_edit1_006.png	THIS PLACE
Gavrilo_princip_memorial_plaque_2009_edit1_007.png	ON 28 JUNE 1914
Gavrilo_princip_memorial_plaque_2009_edit1_008.png	GAVRILO PRINCIP ASSASSINATED THE HEIR
Gavrilo_princip_memorial_plaque_2009_edit1_009.png	TO THE AUSTRO-HUNGARIAN THRONE
Gavrilo_princip_memorial_plaque_2009_edit1_010.png	FRANZ FERDINAND AND HIS WIFE SOFIA
Golubić_ulica_000.png	ŠVICARSKOG
Golubić_ulica_001.png	KARITASA
Gospodska_ulica_03_001.png	Malbašić company
Gospodska_ulica_03_002.png	company
Gospodska_ulica_03_003.png	BENTE
Gospodska_ulica_04_001.png	DUNAV
Gospodska_ulica_04_002.png	JRANJE
Gospodska_ulica_08_000.png	STYLOS
Gospodska_ulica_10_001.png	BOJPROM Juventa SPORT NLB Razvojna banka
Gospodska_ulica_10_005.png	OVS industry
Gospodska_ulica_13_001.png	TADELA
Gospodska_ulica_13_004.png	RESTORA
Gospodska_ulica_13_005.png	CITADELA
Gospodska_ulica_17_000.png	OVS industry BOJPROM Juventa SPORT NLB Razvojna banka
Gospodska_ulica_17_005.png	SNIŽEN
Gospodska_ulica_17_006.png	INALNA RASPRO
Gospodska_ulica_17_008.png	SALE
Gospodska_ulica_17_009.png	SNIŽENJE
Gospodska_ulica_18_000.png	Goldi p
Gospodska_ulica_18_001.png	li peciva
Gospodska_ulica_20_000.png	MANGO
Gospodska_ulica_20_001.png	MANGO
Gospodska_ulica_20_002.png	MANGO MANGO MANGO
Gospodska_ulica_20_003.png	MANGO
Gospodska_ulica_20_004.png	ALDO
Gospodska_ulica_20_005.png	MANGO
Gospodska_ulica_22_000.png	PERTLICA
Gospodska_ulica_26_001.png	DESTO
Gospodska_ulica_2__000.png	CITADELA
Gospodska_ulica_2__001.png	MAN
Gospodska_ulica_2__003.png	RESTORAN
Gospodska_ulica_2__004.png	CITADELA
Gospodska_ulica_2__005.png	MANGO
Gospodska_ulica_2__006.png	ALDO
Gospodska_ulica_2__007.png	MANGO
Gospodska_ulica_2__008.png	MANGO
Gospodska_ulica_2__009.png	MANGO
Gospodska_ulica_banja_luka_000.png	BANK
Gospodska_ulica_banja_luka_004.png	MJENJAC
Gospodska_ulica_banja_luka_005.png	Raiffeisen BA
Gospodskaa_ulica_000.png	Juve
Gospodskaa_ulica_001.png	Razvojna
Gospodskaa_ulica_003.png	NLB
Gospodskaa_ulica_007.png	SUTEREN
Gospodskaa_ulica_009.png	KASTEL
Gospodskaa_ulica_010.png	BUTIK
Gospodskaa_ulica_011.png	KASTEL
Hamam_Museum_Mostar_29771886881__000.png	The Hamam Museum
Hotel_Prijedor_2_000.png	TEREX
Hotel_Prijedor_2_001.png	Dobro
Hotel_Prijedor_2_002.png	došli
Inat_kuca_-_natpis_000.png	NACIONALNI
Inat_kuca_-_natpis_001.png	RESTORAN
Inat_kuca_-_natpis_002.png	Bila sam
Inat_kuca_-_natpis_004.png	onoj
Inat_kuca_-_natpis_005.png	ali predoh vamo
Inat_kuca_-_natpis_006.png	iz inata.
Inat_kuca_-_natpis_007.png	strani,
Information_board_in_Jajce_000.png	OMER-BEGOVA KUĆA
Information_board_in_Jajce_002.png	OMER-BEY HOUSE
Information_board_in_Jajce_003.png	HAFIZADIĆA ČESMA
Information_board_in_Jajce_005.png	HAFIZADIĆ FOUNTAIN
Information_board_in_Jajce_006.png	Graditeljska cjelina
Information_board_in_Jajce_010.png	Architectural ensemble
Information_board_in_Jajce_011.png	Historijski/povijesni spomenik
Information_board_in_Jajce_013.png	Historic monument
Information_board_in_Jajce_014.png	Omerbegova
Information_board_in_Jajce_023.png	drugoj polovini/polovici
Information_board_in_Jajce_042.png	built in the second half of the seventeenth century.
Information_board_in_Jajce_052.png	In 1952, the building was bought from Dana Salom
Information_board_in_Jajce_054.png	Krajem 60-ih godina 20. stoljeća izvršena je
Information_board_in_Jajce_069.png	dobija namjenu ugostiteljskog objekta.
Information_board_in_Jajce_075.png	Objekat/objekt
Information_board_in_Jajce_077.png	-begove
Information_board_in_Jajce_099.png	gradenim od kamenih blokova,
Information_board_in_Jajce_132.png	fixtures and fittings and
Information_board_in_Jajce_161.png	The Hafizadić drinking fountain
Information_board_in_Jajce_180.png	afizadića, kći bosanskog teftedara Ahmet-bega
Information_board_in_Jajce_187.png	Ahmet-beg
Information_board_in_Jajce_203.png	Sagradena je hidžretske 1262.
Information_board_in_Jajce_211.png	Ranije je česma stajala
Information_board_in_Jajce_241.png	godine
Information_board_in_Jajce_327.png	obavljanje istraživanja
Information_board_in_Jajce_352.png	BRITISH COUNCIL
Information_board_in_Jajce_354.png	building
Jarosław_Lindenberg_-_tablica_000.png	AMBASADOR
Jarosław_Lindenberg_-_tablica_001.png	JAROSLAW
Jarosław_Lindenberg_-_tablica_002.png	LINDENBERG
Jarosław_Lindenberg_-_tablica_003.png	REPUBLIKA
Jarosław_Lindenberg_-_tablica_004.png	POLJSKA
Konzum_Croation_word_for_Supermarket_3802582748__000.png	KONZUM
Konzum_Croation_word_for_Supermarket_3802582748__001.png	KONZUM
Konzum_Croation_word_for_Supermarket_3802582748__002.png	MALIŠIĆ
Konzum_Croation_word_for_Supermarket_3802582748__003.png	CENTAR
Kraljeva_Sutjeska_banner_000.png	TRSTIVNICA
Kraljeva_Sutjeska_banner_001.png	CURIA BANI/REGIS
Landmine_warning_sign_in_BiH_000.png	MINE
Landmine_warning_sign_in_BiH_005.png	unicef
Landmine_warning_sign_in_BiH_009.png	MAC
Leszek_Hensel_-_tablica_000.png	AMBASADOR
Leszek_Hensel_-_tablica_001.png	LESZEK HENSEL
Leszek_Hensel_-_tablica_002.png	REPUBLIKA POLJSKA
Market_street_in_Mostar_old_town_8_29226494924__000.png	DŽEKO
Market_street_in_Mostar_old_town_8_29226494924__001.png	ĐURIC
Market_street_in_Mostar_old_town_8_29226494924__002.png	RONALDO
Martin_Brod_Street_Sign_000.png	Kulen Vakuf
Martin_Brod_Street_Sign_001.png	Martin Brod
Martin_Brod_Street_Sign_002.png	Titov
Martin_Brod_Street_Sign_003.png	Drvar
Mate-Boban-street01276_000.png	ULICA
Mate-Boban-street01276_001.png	MATE
Mate-Boban-street01276_002.png	BOBANA
Mate-Boban-street01276_004.png	MATE BOBANA
Mate-Boban-street01276_005.png	JAR
Mate-Boban-street01276_006.png	LUB
Minefield_sign_3886691367__000.png	PAZI
Minefield_sign_3886691367__002.png	MINE
Minefield_sign_3886691367__005.png	OVOG ZNAKA
Minefield_sign_3886691367__006.png	unicef
Minefield_sign_3886691367__008.png	BH MAC
Mis_Irbina_Street_in_Sarajevo_01_000.png	ULICA
Mis_Irbina_Street_in_Sarajevo_01_001.png	MIS
Mis_Irbina_Street_in_Sarajevo_01_002.png	IRBINA
Mis_Irbina_Street_in_Sarajevo_01_008.png	ZAPOR
Mis_Irbina_Street_in_Sarajevo_01_011.png	ODOVO
Mis_Irbina_Street_in_Sarajevo_02_000.png	BEERKA
Mis_Irbina_Street_in_Sarajevo_02_001.png	UDARA PONOVO
Mis_Irbina_Street_in_Sarajevo_02_002.png	POMOĆNI TEREN I PARKING
Mis_Irbina_Street_in_Sarajevo_02_003.png	FK SLAVIJA, SRC ČIČA
Mis_Irbina_Street_in_Sarajevo_02_007.png	SUBOTA
Mis_Irbina_Street_in_Sarajevo_02_008.png	NEDJELJA
Mis_Irbina_Street_in_Sarajevo_02_014.png	BEERKA
Mis_Irbina_Street_in_Sarajevo_02_021.png	PETAK
Mis_Irbina_Street_in_Sarajevo_04_004.png	FLOWER
Moritz_Schiller_Sarajevo_street_view_1916_000.png	COGNAC
Moritz_Schiller_Sarajevo_street_view_1916_001.png	RUM
Moritz_Schiller_Sarajevo_street_view_1916_005.png	BOSNIEN
Moritz_Schiller_Sarajevo_street_view_1916_006.png	FRISEUR
Moritz_Schiller_Sarajevo_street_view_1916_007.png	SPEZEREI
Mostar_Old_Town_Street_000.png	Fortuna TRAVEL
Mostar_Street_5_001.png	FIDAN.
Mostar_Street_in_the_Old_Town_45296246321__000.png	museum
Mostar_shops_001.png	FORG
Museum_of_the_Old_Bridge_001.png	WINE
Museum_of_the_Old_Bridge_002.png	TASTING
Museum_of_the_Old_Bridge_003.png	ŠLJIVKA
Museum_of_the_Old_Bridge_011.png	BLATINA
NKD_013_gospodska_ulica_001.png	women'sec
NKD_013_gospodska_ulica_banja_luka_2__000.png	Malbaši
NKD_013_gospodska_ulica_banja_luka_3__001.png	sanioptik
NKD_013_gospodska_ulica_banja_luka_3__002.png	sanioptik
Narrow-Gauge-Railway_Spalatobahn_Station-Travnik_3__000.png	Eisenbahnlinie Sarajevo-Jajce
Narrow-Gauge-Railway_Spalatobahn_Station-Travnik_3__001.png	Bahnhof
Narrow-Gauge-Railway_Spalatobahn_Station-Travnik_3__002.png	Kolodvor
Narrow-Gauge-Railway_Spalatobahn_Station-Travnik_3__003.png	Pozdrav iz
Narrow-Gauge-Railway_Spalatobahn_Station-Travnik_3__004.png	Travnika
Narrow-Gauge-Railway_Spalatobahn_Station-Travnik_3__005.png	Gruss
Narrow-Gauge-Railway_Spalatobahn_Station-Travnik_3__006.png	aus Travnik
Nestro_Petrol_station_Kaonik_001.png	Odgovorno p
Nestro_Petrol_station_Kaonik_002.png	nestro
Nestro_Petrol_station_Kaonik_003.png	mark
Nestro_Petrol_station_Kaonik_006.png	na prirodi
Nestro_Petrol_station_Kaonik_007.png	ro prema p
Nestro_Petrol_station_Kaonik_008.png	nestro
Neum_road_000.png	Stolac
Neum_road_001.png	Svitava
Neum_road_002.png	Dubrovnik
Neum_road_006.png	CENTAR
Neum_road_007.png	ANAC
Neum_road_008.png	RESTORAN PIZZERIA
Neum_road_011.png	RESTAURANT
Neum_road_012.png	ODISEJ
Neum_road_016.png	NERETVANAC
Old_shops_on_Baščaršija_-_panoramio_008.png	Shop
Only_foreign_butter_in_Bosnian_supermarkets_023.png	2 20 KM KOM
Only_foreign_butter_in_Bosnian_supermarkets_027.png	efir
Only_foreign_butter_in_Bosnian_supermarkets_029.png	KISELA PAVLAKA
Only_foreign_butter_in_Bosnian_supermarkets_030.png	Pavl
Only_foreign_butter_in_Bosnian_supermarkets_031.png	Kiselo vrhnj
Only_foreign_butter_in_Bosnian_supermarkets_033.png	kiselo
Only_foreign_butter_in_Bosnian_supermarkets_035.png	Predobro
Only_foreign_butter_in_Bosnian_supermarkets_036.png	REKO
Only_foreign_butter_in_Bosnian_supermarkets_039.png	YAYLA
Only_foreign_butter_in_Bosnian_supermarkets_040.png	GREKOS
Only_foreign_butter_in_Bosnian_supermarkets_043.png	MEGGLE
Only_foreign_butter_in_Bosnian_supermarkets_044.png	Kefir
Only_foreign_butter_in_Bosnian_supermarkets_046.png	KEÇI
Only_foreign_butter_in_Bosnian_supermarkets_047.png	KISELA
Only_foreign_butter_in_Bosnian_supermarkets_048.png	Predobro
Only_foreign_butter_in_Bosnian_supermarkets_052.png	GREKOS
Only_foreign_butter_in_Bosnian_supermarkets_054.png	RUSTICO
Only_foreign_butter_in_Bosnian_supermarkets_061.png	3 10 KM KOM
Only_foreign_butter_in_Bosnian_supermarkets_065.png	11 65 KM KOM
Only_foreign_butter_in_Bosnian_supermarkets_067.png	Premium Butter
Only_foreign_butter_in_Bosnian_supermarkets_068.png	Premium Butter
Only_foreign_butter_in_Bosnian_supermarkets_069.png	nsla
Only_foreign_butter_in_Bosnian_supermarkets_073.png	Pavlaka
Only_foreign_butter_in_Bosnian_supermarkets_075.png	PRÉSIDEN
Plaque_en_émail_000.png	PAŽNJA
Plaque_en_émail_001.png	VISOKI NAPON
Plaque_en_émail_002.png	OPASNO PO ŽIVOT
Plaque_on_the_summit_of_Maglič_3887464262__000.png	U SPOMEN SVIM BORCIMA NARODNOOSLOBODILAČKE VOJSKE
Plaque_on_the_summit_of_Maglič_3887464262__001.png	JUGOSLAVIJE, KOJI SU, PREDVODENI KOMUNISTIČKOM PARTIJOM
Plaque_on_the_summit_of_Maglič_3887464262__003.png	KOMANDANTOM DRUGOM TITOM, NA ŠIREM PODRUČJU SUTJESKE, JUN
Plaque_on_the_summit_of_Maglič_3887464262__004.png	GODINE, IZVOJEVALI ISTORIJSKU POBJEDU NAD MNOGOSTRUKO BROJNIM
Plaque_on_the_summit_of_Maglič_3887464262__005.png	FAŠISTIČKIM TRUPAMA, PODIŽEMO OVO SPOMEN-OBILJEŽJE
Plaque_on_the_summit_of_Maglič_3887464262__006.png	MAGLIĆ, JUNA 1973. GODINE
Plaque_on_the_summit_of_Maglič_3887464262__007.png	DRUŠTVO PRIJATELJA SUTJESKE
Plaque_on_the_summit_of_Maglič_3887464262__008.png	SARAJEVU
Ploča_Most_FT_Čapljina_2056_001.png	MOST
Ploča_Most_FT_Čapljina_2056_003.png	FRANJE
Ploča_Most_FT_Čapljina_2056_004.png	TUĐMANA
Ploča_Most_FT_Čapljina_2056_005.png	ČAPLJINA
Ploča_Most_FT_Čapljina_2056_006.png	OŽUJAK 2002.
Prijedorska_street_Sanski_Most_001.png	iNA
Putakaz_BL_001.png	Sarajevo
Putakaz_BL_003.png	Mrkonjić Grad
Putakaz_BL_009.png	okren
Putokaz_001.png	Centar
Putokaz_004.png	Sarajevo
Putokaz_005.png	Gradiška
Putokaz21_002.png	Kotor Varoš
Putokaz21_003.png	Sarajevo
Putokaz21_004.png	Čelinac
Putokaz21_007.png	Gradiška
Putokaz212_003.png	City Administration
Putokaz212_005.png	Krajina square
Putokaz212_007.png	Gospodska street
Putokaz212_009.png	Ban Milosavljević
Putokaz212_010.png	Snack ba
Putokaz212_012.png	National
Putokaz212_014.png	Theat
Putokaz212_015.png	HYPO GROUP
Putokaz212_016.png	VIGOM
Putokaz_ka_Banj_brdu_001.png	Banj brdo
Putokaz_za_Kastel_001.png	Fortress Kastel
Putokaz_za_Kastel_005.png	MICH
Razglednica_puta_Banjaluka-Jajce_000.png	Straße Banjaluka-Jajce
Razglednica_puta_Banjaluka-Jajce_001.png	Cesta Banjaluka-Jajce.
Red_Cross_center_in_Tuzla_-_Plaques_2019__000.png	DRUŠTVO CRVENOG KRIŽA/KRSTA BIH
Red_Cross_center_in_Tuzla_-_Plaques_2019__001.png	CRVENI KRIŽ FEDERACIJE BIH
Red_Cross_center_in_Tuzla_-_Plaques_2019__002.png	CRVENI KRIŽ TK
Red_Cross_center_in_Tuzla_-_Plaques_2019__003.png	CRVENI KRIŽ/KRST GRADA TUZLA
Red_Cross_center_in_Tuzla_-_Plaques_2019__004.png	CENTAR ZA NJEGU
Red_Cross_center_in_Tuzla_-_Plaques_2019__005.png	POMOĆ U KUĆI
Red_Cross_center_in_Tuzla_-_Plaques_2019__006.png	Uz podršku
Red_Cross_center_in_Tuzla_-_Plaques_2019__007.png	Švicarski Crveni križ
Red_Cross_center_in_Tuzla_-_Plaques_2019__008.png	Schweizerisches Rotes Kreuz
Red_Cross_center_in_Tuzla_-_Plaques_2019__009.png	Swiss Red Cross
Red_Cross_center_in_Tuzla_-_Plaques_2019__010.png	I KRIŽ/KRST
Red_Cross_center_in_Tuzla_-_Plaques_2019__011.png	GRADA
Red_Cross_center_in_Tuzla_-_Plaques_2019__012.png	TUZL
Road_Sign_Mostar_Entry_001.png	Mostar
Road_Sign_Mostar_Entry_003.png	Blagaj Tekija / Dervish House
Road_Sign_Mostar_Entry_005.png	National Monument Muslibegovic House
Road_sign_before_a_roundabout_in_Dubrave_Gornje_Živinice_BIH_2019__000.png	Tuzla
Road_sign_before_a_roundabout_in_Dubrave_Gornje_Živinice_BIH_2019__002.png	Živinice
Road_sign_before_a_roundabout_in_Dubrave_Gornje_Živinice_BIH_2019__004.png	Aerodrom Tuzla
Robna_kuca_u_Boriku_supermarket_Banja_Luka_000.png	mojMarket
Sarajevo-Street-Juice-Vendor_15548440052__000.png	GABO
Sarajevo-Street-Juice-Vendor_15548440052__001.png	MAYB
Sarajevo_84_-_Cafe_in_Piran_Scene_-_Piran_-_Adriatic_Coast_-_Slovenia_54567195518__001.png	Sarajevo '84
Sarajevo_84_-_Cafe_in_Piran_Scene_-_Piran_-_Adriatic_Coast_-_Slovenia_54567195518__003.png	DOBAR PASULJ
Sarajevo_84_-_Cafe_in_Piran_Scene_-_Piran_-_Adriatic_Coast_-_Slovenia_54567195518__004.png	NJU PROBLEM
Sarajevo_84_-_Cafe_in_Piran_Scene_-_Piran_-_Adriatic_Coast_-_Slovenia_54567195518__005.png	DALEKO SE
Sarajevo_84_-_Cafe_in_Piran_Scene_-_Piran_-_Adriatic_Coast_-_Slovenia_54567195518__007.png	KO RJEŠENJE!
Sarajevo_84_-_Cafe_in_Piran_Scene_-_Piran_-_Adriatic_Coast_-_Slovenia_54567195518__008.png	Kot
Sarajevo_Bascarsija_2011-10-28_13__001.png	Galeb
Sarajevo_Bascarsija_2011-10-28_2__000.png	1001 starogradski biser
Sarajevo_Bascarsija_2011-10-28_2__002.png	1001 old town pearls
Sarajevo_Bascarsija_2011-10-28_2__004.png	1001 Perle der Altstadt
Sarajevo_Bascarsija_2011-10-28_2__006.png	Eski Şehir'in 1001 İncisi
Sarajevo_Bascarsija_2011-10-28_2__007.png	ESKI ŞEHIR
Sarajevo_Bascarsija_Shop_2011-11-08_001.png	Coca-Cola
Sarajevo_Bascarsija_Shop_2011-11-08_002.png	M.A.S.
Sarajevo_Bascarsija_Shop_2011-11-08_003.png	SHOP
Sarajevo_Bascarsija_Shop_2011-11-08_004.png	S. SHOP
Sarajevo_Bascarsija_Shop_2011-11-08_005.png	M.A.S.
Sarajevo_Bascarsija_Shop_2011-11-08_006.png	SHOP
Sarajevo_Bistrik_station_2018_1_010.png	ZGRADA ŽE
Sarajevo_Bistrik_station_2018_1_015.png	STANICE BISTRIK
Sarajevo_EP-Gas-Station_Bulevar-Mese-Selimovica_2011-11-04_3__001.png	EP SHOP
Sarajevo_Gas-Station_EP_2011-11-06_001.png	EP WASH
Sarajevo_Gas-Station_EP_2011-11-06_002.png	EP SHOP
Sarajevo_Jugoslavija_Poster_000.png	JUGOSLAVIEN
Sarajevo_Jugoslavija_Poster_001.png	AUSKUNFT
Sarajevo_Jugoslavija_Poster_002.png	UND
Sarajevo_Jugoslavija_Poster_003.png	REISEBERATUNG
Sarajevo_Jugoslavija_Poster_009.png	BEOGRAD
Sarajevo_Jugoslavija_Poster_010.png	UND SÄMTLICHE
Sarajevo_Jugoslavija_Poster_011.png	FÜHRENDEN REISEBÜROS DER WELT
Sarajevo_Street_1900_000.png	Rud. Be
Sarajevo_Street_1900_001.png	Straßenscene in Sarajevo.
Sarajevo_Tram-231_Line-5_2011-10-20_004.png	SIGURAN PUT
Sarajevo_Tram-231_Line-5_2011-10-20_005.png	DO ODREDIŠTA
Sarajevo_Tram-231_Line-5_2011-10-20_006.png	WESTERN UNION
Sarajevo_Tram-231_Line-5_2011-10-20_007.png	ROBOT
Sarajevo_Tram-240_Line-5_2011-10-20_8__006.png	UNIOR
Sarajevo_Tram-511_Line-3_2011-10-27_003.png	pére
Sarajevo_Tram-511_Line-3_2011-10-27_004.png	pére
Sarajevo_Tram-511_Line-3_2011-10-27_006.png	ROBOT
Sarajevo_Trolleybus-4418_Line-108_2011-11-05_2__003.png	GRAS
Sarajevo_Trolleybus-4418_Line-108_2011-11-05_2__004.png	EUROHAUS
Sarajevo_bus_station_000.png	PERON 10
Sarajevo_bus_station_001.png	PERON 11
Sarajevo_bus_station_002.png	PERON 12
Sarajevo_bus_station_005.png	PERON 13
Sarajevo_west_IMG_1171_hwy_M-19_Braca_Mujic_gas_station_003.png	Hotel
Sarajevo_west_IMG_1171_hwy_M-19_Braca_Mujic_gas_station_006.png	BRAĆA
Sarajevo_west_IMG_1171_hwy_M-19_Braca_Mujic_gas_station_007.png	MUJIĆ"
Sarajevo_west_IMG_1171_hwy_M-19_Braca_Mujic_gas_station_009.png	"BRAĆA MUJIĆ"
Shop_in_old_Sarajevo_9461919674__000.png	KAZANDŽILUK
Shopping_centre_in_Konjic_town_004.png	OKUS KOJI PAMTIŠ
Shopping_centre_in_Konjic_town_009.png	Caffe
Shopping_centre_in_Konjic_town_014.png	BAR
Shopping_centre_in_Konjic_town_016.png	centa
Shopping_centre_in_Konjic_town_017.png	MADI
Shopping_centre_in_Konjic_town_018.png	SAMO JE JEDNA PR
Shopping_centre_in_Konjic_town_019.png	SAMO JE JEDNA PRAVA
Shopping_centre_in_Konjic_town_021.png	BRAZIL
Shopping_centre_in_Konjic_town_022.png	APSOLUTNO RAZUMLJ
Shopping_centre_in_Konjic_town_023.png	APSOLUTNO RAZUMLJIVO!!!
Shopping_centre_in_Konjic_town_024.png	LUTRIJA
Shopping_centre_in_Konjic_town_025.png	AUTOMATI
Shopping_centre_in_Konjic_town_026.png	UniCredit Bank
Shopping_centre_in_Konjic_town_027.png	bar
Shopping_mall_Tuzlanka_000.png	Tuzlanka
Shopping_mall_Tuzlanka_001.png	LC Waikiki
Shopping_mall_Tuzlanka_002.png	CUJEĆARA
Slovenian_Consulate_General_in_Banja_Luka_plaque_000.png	VELEPOSLANIŠTVO KONZULARNA PI
Slovenian_Consulate_General_in_Banja_Luka_plaque_001.png	REPUBLIKE SLOVENIJE SARNA BANJA L
Slovenian_Consulate_General_in_Banja_Luka_plaque_002.png	PISARNA BANJA LUKA
Slovenian_Consulate_General_in_Banja_Luka_plaque_003.png	EMBASSY OF THE REPUBLIC OF
Slovenian_Consulate_General_in_Banja_Luka_plaque_004.png	CONSULAR OFFICE BANJA LUKA
Slovenian_Consulate_General_in_Banja_Luka_plaque_005.png	LUKA
Slovenian_Consulate_General_in_Banja_Luka_plaque_006.png	AMBASADA REPUBLIKE SLOVENIJE
Slovenian_Consulate_General_in_Banja_Luka_plaque_007.png	KONZULARNA KANCELARIJA BANJA LUKA
Spanish_Square_000.png	TRG
Spanish_Square_001.png	ESPAÑA
Spanish_square_08028_002.png	REHABILITACIJE
Spanish_square_08028_003.png	E MOSTAR
Spanish_square_08028_004.png	PROJEK
Spanish_square_08029_000.png	MOSTAR
Spanish_square_08035_000.png	TRG
Spanish_square_08035_001.png	ESPAÑA
Spanish_square_08036_005.png	T REHABILITACIJE
Spanish_square_08036_006.png	PROJEKT
Spanish_square_08036_007.png	E MOSTAR
Spanish_square_08036_008.png	ROJEKT RE GIMNAZIJE
Spomen-ploča_samostan_Guča_Gora_101312_006.png	OZE CURIC
Spomen-ploča_samostan_Guča_Gora_101312_007.png	OVDJE ST
Spomen-ploča_samostan_Guča_Gora_101312_010.png	IZGRADJENA
Spomen-ploča_samostan_Guča_Gora_101312_011.png	LISTOPADA 1834
Spomen-ploča_samostan_Guča_Gora_101312_013.png	NA CAST
Spomen-ploča_u_Fojnici_000.png	9 SEPTEMBRA 1942 GODINE JEDINICE V PROLETERSKE CRNOGORSKE
Spomen-ploča_u_Fojnici_001.png	X HERCEGOVAČKE BRIGADE POD RUKOVODSTVOM NARODNOG HEROJA
Spomen-ploča_u_Fojnici_002.png	SAVE KOVAČEVIĆA PRVI PUT U TOKU NARODNO-OSLOBODILAČKE BORBE
Spomen-ploča_u_Fojnici_003.png	OSLOBODILE SU FOJNICU
Spomen-ploča_u_Fojnici_004.png	SA OVOG MJESTA JE SAVA KOVAČEVIĆ
Spomen-ploča_u_Fojnici_005.png	ODRŽAO GOVOR
Spomen-ploča_u_Fojnici_006.png	POZVAO NAROD U BORBU PROTIV OKUPATORA
Spomen-ploča_u_Fojnici_007.png	I DOMAĆIH
Spomen-ploča_u_Fojnici_008.png	IZDAJNIKA
Spomen_ploča-zavjetni_križ-utvrda-ŠB_000.png	ZAVJETNI KRIŽ
Spomen_ploča-zavjetni_križ-utvrda-ŠB_001.png	PODIŽE
Spomen_ploča-zavjetni_križ-utvrda-ŠB_002.png	DRUŠTVO
Spomen_ploča-zavjetni_križ-utvrda-ŠB_003.png	HRVATSKIH
Spomen_ploča-zavjetni_križ-utvrda-ŠB_004.png	POLITIČKIH
Spomen_ploča-zavjetni_križ-utvrda-ŠB_005.png	ZATVORENIKA
Spomen_ploča-zavjetni_križ-utvrda-ŠB_006.png	ŠIROKI
Spomen_ploča-zavjetni_križ-utvrda-ŠB_007.png	BRIJEG
Spomen_ploča_samostan_Guča_Gora4_101536_002.png	S.O. FRANE
Spomen_ploča_samostan_Guča_Gora4_101536_003.png	Sinov
Spomen_ploča_samostan_Guča_Gora4_101536_004.png	Fra Marian
Spomen_ploča_samostan_Guča_Gora4_101536_005.png	Biskup
Spomen_ploča_samostan_Guča_Gora4_101536_007.png	Redov: Okružj
Spomen_ploča_samostan_Guča_Gora4_101536_009.png	Pomoću Dobročini
Spomen_ploča_samostan_Guča_Gora4_101536_010.png	avanj
Spomen_ploča_samostan_Guča_Gora4_101536_012.png	Puk
Spomen_ploča_samostan_Guča_Gora4_101536_013.png	Crkvu i
Spomen_ploča_samostan_Guča_Gora4_101536_014.png	Samostan
Spomen_ploča_samostan_Guča_Gora4_101536_015.png	SAGR
Spomen_ploča_samostan_Guča_Gora4_101536_016.png	ADISE
Spomen_ploča_samostan_Guča_Gora4_101536_018.png	SLA
Spomen_ploča_samostan_Guča_Gora4_101536_019.png	Bozau
Spomen_ploča_samostan_Guča_Gora4_101536_020.png	SVOG
Spomen_ploča_samostan_Guča_Gora4_101536_021.png	PONIZNI
Spomen_ploča_samostan_Guča_Gora4_101536_022.png	SUNJIĆ
Spomen_ploča_samostan_Guča_Gora4_101536_023.png	SKOG
Street_in_Bihać_000.png	Bank
Street_in_Bihać_001.png	europ
Street_in_Bihać_008.png	Tel./fax: 037 314 090
Street_in_Bihać_011.png	UniCredit
Street_in_Bihać_012.png	opapier.
Street_in_Bihać_013.png	-hercegtisak
Street_in_Mostar_01_000.png	FORTUNA TOURS
Street_in_Mostar_01_003.png	Apartments
Street_in_Mostar_01_004.png	KONAK
Street_in_Mostar_02_000.png	DON'T
Street_in_Mostar_02_001.png	FORGET
Street_with_bullet_holes_in_Sarajevo_02_000.png	HOTEL IRMAK
Street_with_bullet_holes_in_Sarajevo_02_004.png	TEL IRMAK
Streets_in_Jajce_002_000.png	KOPIRNICA
Streets_in_Jajce_002_002.png	URAR
Streets_in_Mostar_001_000.png	VAKUFSKA BANKA
Streets_in_Mostar_001_002.png	MAJICE
Streets_in_Mostar_001_003.png	T-SHIRTS
Streets_in_Mostar_001_005.png	SILVER SHOP
Streets_in_Mostar_002_001.png	JEANS LTD
Streets_in_Mostar_002_002.png	CHIEF
Streets_in_Mostar_004_001.png	ORMEX doo Bubal
Streets_in_Mostar_004_003.png	TIME OUT
Streets_in_Mostar_004_007.png	GDS
Streets_in_Mostar_004_008.png	MERKUR D.D.
Streets_in_Mostar_004_009.png	TEKSTIL
Streets_in_Mostar_004_010.png	S bonbonnière
Streets_in_Mostar_004_011.png	www.time-out.ba
Streets_in_Mostar_007_000.png	CAFFE
Streets_in_Mostar_007_001.png	SCAN
Streets_in_Mostar_007_003.png	PRINT
Streets_in_Mostar_007_004.png	PITE
Streets_in_Mostar_007_005.png	KOLACI
Tabla222_004.png	Christ the Saviour's
Tabla222_006.png	Holy Trinity Church
Tabla222_008.png	.bl-bioskop.ba
Tabla222_011.png	Bosna
Tabla222_012.png	Hotel
Tabla222_014.png	art
Tabla222_017.png	Modern
Tabla222_018.png	Museum
Tabla222_021.png	WWII
Tabla222_023.png	Memorial
Tabla222_024.png	Soldier'
Tabla222_027.png	of RS
Tabla222_028.png	Theatre
Tabla222_029.png	National
Tabla222_030.png	Church
Tenues_traditionnelles_bosniaques_vendues_dans_le_quartier_de_Baščaršija_000.png	MADE
Tenues_traditionnelles_bosniaques_vendues_dans_le_quartier_de_Baščaršija_001.png	HAND
Tihovići_plate_000.png	Tihovići
Tjentište_sign_000.png	Tjentište
Tjentište_sign_001.png	Tjentište
Tourist_road_sign_in_Sarajevo_000.png	Baščaršija
Tourist_road_sign_in_Sarajevo_001.png	Old town
Tourist_road_sign_in_Sarajevo_003.png	Skenderija
Tourist_road_sign_in_Sarajevo_005.png	Olympic hall
Tourist_road_sign_in_Sarajevo_006.png	Vilsonovo šetalište
Tourist_road_sign_in_Sarajevo_007.png	Wilson's Lane
Tourist_road_sign_in_Sarajevo_009.png	Zemaljski muzej
Tourist_road_sign_in_Sarajevo_010.png	The Nacional museum of BiH
Tourist_road_sign_in_Sarajevo_014.png	SDP
Travnik_graffiti_000.png	NEVER
Travnik_graffiti_001.png	FORGET
Travnik_graffiti_002.png	SREBRENICA
Trg-kralja-tomislav-livno00660_000.png	Bavaria
Trg-kralja-tomislav-livno00660_001.png	Raiffeisen BANK
Trg-kralja-tomislav-livno00660_003.png	Bavaria
Trg-kralja-tomislav-livno00665_000.png	Winy
Trg-kralja-tomislav-livno00665_001.png	ROUGE
Trg-kralja-tomislav-livno00665_003.png	Blue
Trg-kralja-tomislav-livno00686_000.png	ovacko
Trg-kralja-tomislav-livno00686_001.png	Karlovacko
Trg-žrtava-ŠB03100_000.png	FOTO
Trg-žrtava-ŠB03101_000.png	Svi u
Trg-žrtava-ŠB03101_002.png	WEST
Trg-žrtava-ŠB03101_003.png	WEST HERZEGOVINA
Trg-žrtava-ŠB03101_004.png	FEST No
Trg-žrtava-ŠB03101_006.png	01.08.2009. ŠIROKI BRIJ
Trg-žrtava01872_001.png	BRIJEŠ
Trg_hrvatskih_vitezova01795_000.png	Bugojno
Trg_hrvatskih_vitezova01795_001.png	Sarajevo
Trg_hrvatskih_vitezova01795_002.png	Šipovo
Trg_hrvatskih_vitezova01795_003.png	Mrkonjić Grad
Trg_hrvatskih_vitezova01795_004.png	Banja Luka
Tuzla_-_Blue_fire_hydrant_Maršala_Tita_street_2019__004.png	F banka
Tuzla_-_Pannonian_Lakes_-_Geology_Museum_2019__002.png	NONICA
Tuzla_-_Pannonian_Lakes_-_Geology_Museum_2019__003.png	POSTAVKA
Tuzla_-_Pannonian_Lakes_-_Geology_Museum_2019__004.png	GEOLOŠKA
Tuzla_-_Pannonian_Lakes_-_Geology_Museum_2019__005.png	PANNONICA
Tuzla_-_SDA_Party_building_plaques_2019__000.png	STRANKA DEMOKRATSKE AKCIJE
Tuzla_-_SDA_Party_building_plaques_2019__001.png	SDA
Tuzla_-_SDA_Party_building_plaques_2019__002.png	Gradski odbor Tuzla
Tuzla_-_SDA_Party_building_plaques_2019__003.png	MERHAMET
Tuzla_-_SDA_Party_building_plaques_2019__004.png	REGIONALNI ODBOR TUZLA
Tuzla_-_Train_station_13_2019__000.png	RIJEM
Tuzla_-_Train_station_13_2019__004.png	DOBOJ
Tuzla_-_Train_station_13_2019__008.png	VOZ
Tuzla_-_Train_station_13_2019__009.png	POLAZAK
Tuzla_-_Train_station_13_2019__010.png	VOZOVA
Tuzla_-_Train_station_13_2019__012.png	TUZLU
Tuzla_-_Train_station_13_2019__013.png	VRIJEME
Tuzla_-_Train_station_13_2019__014.png	VOZ
Tuzla_-_Train_station_13_2019__015.png	BROJ
Tuzla_-_Train_station_13_2019__018.png	PUTNIČKI
Tuzla_-_Train_station_13_2019__019.png	VOZ
Tuzla_-_Train_station_13_2019__020.png	DOBOJ
Tuzla_-_Train_station_13_2019__021.png	TUZLA
Tuzla_-_Train_station_13_2019__024.png	PUTNIČKI
Tuzla_-_Train_station_13_2019__025.png	VOZ
Tuzla_-_Train_station_13_2019__026.png	DOBOJ
Tuzla_-_Train_station_13_2019__027.png	TUZLA
Tuzla_-_Train_station_13_2019__029.png	PUTNIČKI
Tuzla_-_Train_station_13_2019__030.png	VOZ
Tuzla_-_Train_station_13_2019__031.png	DOBOJ
Tuzla_-_Train_station_13_2019__032.png	TUZLA
Tuzla_-_Train_station_13_2019__033.png	ODLAZAK
Tuzla_-_Train_station_13_2019__034.png	VOZ
Tuzla_-_Train_station_13_2019__035.png	BROJ
Tuzla_-_Train_station_13_2019__036.png	VOZOVA
Tuzla_-_Train_station_13_2019__037.png	TUZLE
Tuzla_-_Train_station_13_2019__039.png	PUTNI
Tuzla_-_Train_station_13_2019__040.png	VOZ
Tuzla_-_Train_station_13_2019__042.png	TUZLA
Tuzla_-_Train_station_13_2019__044.png	PUTNI
Tuzla_-_Train_station_13_2019__045.png	VOZ
Tuzla_-_Train_station_13_2019__046.png	TUZLA
Tuzla_-_Train_station_13_2019__047.png	DOBOJ
Tuzla_-_Train_station_13_2019__048.png	PUTNIČKI
Tuzla_-_Train_station_13_2019__049.png	TUZLA
Tuzla_-_Train_station_13_2019__050.png	DOBOJ
Tuzla_-_Trg_slobode_000.png	SALINES
Tuzla_-_Trg_slobode_002.png	CML
Tuzla_-_Trg_slobode_-_Fire_hydrant_2019__000.png	KOMORA
Tuzla_-_Ulica_Bosne_Srebrene_1_2019__000.png	Sarajevo
Tuzla_-_Ulica_Bosne_Srebrene_1_2019__001.png	Tranzit
Tuzla_-_Ulica_Bosne_Srebrene_1_2019__002.png	Orašje
Tuzla_-_Ulica_Bosne_Srebrene_1_2019__003.png	Doboj
Tuzla_-_Ulica_Bosne_Srebrene_1_2019__004.png	d.o.o. HIGIJENA
Tuzla_-_Ulica_Bosne_Srebrene_1_2019__005.png	Centar
Tuzla_-_Ulica_Tabašnice_2019__008.png	Domaće
Tuzla_-_Ulica_Tabašnice_2019__010.png	kiseljak
Tuzla_-_Ulica_Tabašnice_2019__011.png	LIRA
Tuzla_-_Ulica_Tabašnice_sign_2019__000.png	ulica
Tuzla_-_Ulica_Tabašnice_sign_2019__001.png	TABAŠNICE
Tuzla_-_Ulica_Trgovačka_2019__000.png	BNC brand name computers
Tuzla_-_Ulica_Trgovačka_2019__008.png	Mozaik
Tuzla_-_Ulica_Trgovačka_2019__009.png	BNC
Tuzla_-_Ulica_Trgovačka_2019__010.png	Mozaik
Tuzla_-_Ulica_Trgovačka_2019__011.png	BNC
Tuzla_-_Ulica_Trgovačka_2019__012.png	Döner
Tuzla_-_Ulica_Trgovačka_2019__013.png	Kebap
Tuzla_-_Ulica_Trgovačka_2019__014.png	d Turčina
Tuzla_Street_Bosnia_001.png	OBUCA
Tuzla_Street_Bosnia_003.png	SIMECKI
Ulica-Stjepana_Radića-ŠB03108_000.png	Vl. K. Zovko
Ulica-Stjepana_Radića-ŠB03108_001.png	BLUE
Ulica-Stjepana_Radića-ŠB03108_003.png	SHOP
Ulica-Stjepana_Radića-ŠB03108_004.png	STAR
Ulica-Stjepana_Radića-ŠB03108_005.png	MIKROFIN
Ulica-Stjepana_Radića-ŠB03108_006.png	FORMULA
Ulica-Stjepana_Radića-ŠB03110_000.png	ONZUM
Ulica_S._Radića-Vitez09343_001.png	KERA
Ulica_Stjepana_Radića-Vitez09339_000.png	ULICA
Ulica_Stjepana_Radića-Vitez09339_001.png	STJEPANA
Ulica_Stjepana_Radića-Vitez09339_002.png	RADIĆA
View_over_Mostar_from_Old_Bridge_Museum_-_Mostar_-_Bosnia_and_Herzegovina_000.png	TER
Welcomesign_in_Brod_Republika_Srpska_002.png	WELCOME
Welcomesign_in_Brod_Republika_Srpska_003.png	TO REPUBLIC OF SRPSKA
Wv_Sarajevo_Airport_banner_000.png	SARAJEVO
Wv_Sarajevo_Airport_banner_001.png	AERODROM
Wv_Sarajevo_Airport_banner_002.png	MEĐUNARODNI
Znak_322_001.png	Park Petar Kočić
Znak_322_003.png	Krajina
Znak_322_006.png	info center
Znak_322_011.png	square
Čaprazlije-Granići-ploča_000.png	Čaprazlije
Čaprazlije-Granići-ploča_001.png	Granići
Đurić_Supermarket_Istočno_Sarajevo_000.png	ĐURIĆ
Đurić_Supermarket_Istočno_Sarajevo_001.png	ĐURIĆ
