file	source_url	license	license_url	attribution	city	text_regions	diacritics	restrictions
Tuzla_-_INA_petrol_station_2019_.jpg	https://commons.wikimedia.org/wiki/File:Tuzla_-_INA_petrol_station_(2019).jpg	CC BY-SA 4.0	https://creativecommons.org/licenses/by-sa/4.0	Sebleouf	Tuzla	8	0	
Mostar_signs.JPG	https://commons.wikimedia.org/wiki/File:Mostar_signs.JPG	CC BY-SA 4.0	https://creativecommons.org/licenses/by-sa/4.0	Vikiçizer	Mostar	2	0	
Bistrik_kula_observatory_information_board.jpg	https://commons.wikimedia.org/wiki/File:Bistrik_kula_observatory_information_board.jpg	CC BY-SA 4.0	https://creativecommons.org/licenses/by-sa/4.0	Adam Harangozó		37	6	
Bingo_supermarket_Trebinje_2024.jpg	https://commons.wikimedia.org/wiki/File:Bingo_supermarket,_Trebinje,_2024.jpg	CC0	http://creativecommons.org/publicdomain/zero/1.0/deed.en	Bdx	Trebinje	3	1	
Putokaz212.jpg	https://commons.wikimedia.org/wiki/File:Putokaz212.jpg	CC BY-SA 4.0	https://creativecommons.org/licenses/by-sa/4.0	Rade Nagraisalović	Banja Luka	4	0	
Tjentište_sign.jpg	https://commons.wikimedia.org/wiki/File:Tjenti%C5%A1te_sign.jpg	CC BY-SA 4.0	https://creativecommons.org/licenses/by-sa/4.0	Niegodzisie		2	1	
Trg_Krajine_čajavčev_i_ulaz_u_gospodsku.jpg	https://commons.wikimedia.org/wiki/File:Trg_Krajine,%C4%8Dajav%C4%8Dev_i_ulaz_u_gospodsku.jpg	CC BY-SA 4.0	https://creativecommons.org/licenses/by-sa/4.0	Rade Nagraisalović		2	1	
Neum_road.jpg	https://commons.wikimedia.org/wiki/File:Neum_road.jpg	CC BY-SA 4.0	https://creativecommons.org/licenses/by-sa/4.0	Vikiçizer	Neum	5	0	
Board_of_Republika_Srpska.JPG	https://commons.wikimedia.org/wiki/File:Board_of_Republika_Srpska.JPG	Public domain		MoserB at de.wikipedia		2	0	
Sarajevo_Bascarsija_Shop_2011-11-08.jpg	https://commons.wikimedia.org/wiki/File:Sarajevo_Bascarsija_Shop_2011-11-08.jpg	CC BY-SA 4.0	https://creativecommons.org/licenses/by-sa/4.0	Milan Suvajac	Sarajevo	4	0	
Gospodska_ulica_2_.jpg	https://commons.wikimedia.org/wiki/File:Gospodska_ulica_(2).jpg	CC BY-SA 3.0	https://creativecommons.org/licenses/by-sa/3.0	Слободни умјетник		3	0	
Only_foreign_butter_in_Bosnian_supermarkets.jpg	https://commons.wikimedia.org/wiki/File:Only_foreign_butter_in_Bosnian_supermarkets.jpg	CC BY 4.0	https://creativecommons.org/licenses/by/4.0	Modular science		13	0	
Inat_kuca_-_natpis.JPG	https://commons.wikimedia.org/wiki/File:Inat_kuca_-_natpis.JPG	CC BY 3.0 rs	https://creativecommons.org/licenses/by/3.0/rs/deed.en	The original uploader was Вики корисник at Serbian Wikipedia .	Sarajevo	5	0	
Čaprazlije-Granići-ploča.JPG	https://commons.wikimedia.org/wiki/File:%C4%8Caprazlije-Grani%C4%87i-plo%C4%8Da.JPG	CC BY-SA 3.0	https://creativecommons.org/licenses/by-sa/3.0	http://www.caprazlije.net/		2	2	
Editing_Wikipedia_Workshop_in_Visegrad_-_76.JPG	https://commons.wikimedia.org/wiki/File:Editing_Wikipedia_Workshop_in_Visegrad_-_76.JPG	CC BY-SA 4.0	https://creativecommons.org/licenses/by-sa/4.0	Јелена Продановић	Visegrad	2	0	
Tuzla_-_Ulica_Tabašnice_2019_.jpg	https://commons.wikimedia.org/wiki/File:Tuzla_-_Ulica_Taba%C5%A1nice_(2019).jpg	CC BY-SA 4.0	https://creativecommons.org/licenses/by-sa/4.0	Sebleouf	Tuzla	3	0	
Banjaluka_streetmap.jpg	https://commons.wikimedia.org/wiki/File:Banjaluka_streetmap.jpg	CC BY-SA 2.0	https://creativecommons.org/licenses/by-sa/2.0	OpenStreetMap.org	Banja Luka	10	5	
Narrow-Gauge-Railway_Spalatobahn_Station-Travnik_3_.jpg	https://commons.wikimedia.org/wiki/File:Narrow-Gauge-Railway_Spalatobahn_Station-Travnik_(3).jpg	Public domain		C. S. 551 Postkartenverlag Cappon in Sarajevo, Franz Josefstr. 12	Travnik	8	0	
Tourist_road_sign_in_Sarajevo.jpg	https://commons.wikimedia.org/wiki/File:Tourist_road_sign_in_Sarajevo.jpg	CC BY-SA 3.0	https://creativecommons.org/licenses/by-sa/3.0	Smooth_O ( talk · contribs )	Sarajevo	11	5	
Road_Sign_Mostar_Entry.jpg	https://commons.wikimedia.org/wiki/File:Road_Sign_Mostar_Entry.jpg	CC BY-SA 4.0	https://creativecommons.org/licenses/by-sa/4.0	crv	Mostar	2	0	
Bosnian_Road_Sign.png	https://commons.wikimedia.org/wiki/File:Bosnian_Road_Sign.png	CC0	http://creativecommons.org/publicdomain/zero/1.0/deed.en	DarisTheRoadSign		10	0	
Direction_sign_to_Old_city_of_Kljuc.jpg	https://commons.wikimedia.org/wiki/File:Direction_sign_to_Old_city_of_Kljuc.jpg	CC BY 2.0	https://creativecommons.org/licenses/by/2.0	Brenda Annerl		2	1	
Tihovići_plate.jpg	https://commons.wikimedia.org/wiki/File:Tihovi%C4%87i_plate.jpg	CC BY-SA 4.0	https://creativecommons.org/licenses/by-sa/4.0	Niegodzisie		2	1	
Donji_Svilaj_village_sign.JPG	https://commons.wikimedia.org/wiki/File:Donji_Svilaj_village_sign.JPG	CC BY-SA 3.0	https://creativecommons.org/licenses/by-sa/3.0	"This image was made by White Writer . Please credit this with : "" White Writer , Wikipedia"" in the immediate vicinity of the image. An email to WhiteWriter would be appreciated too. If you would like special permission to use, license, or purchase the image please contact me WhiteWriter to negotiate terms."		2	0	
Caritas_Mostar_Street_Sign.jpg	https://commons.wikimedia.org/wiki/File:Caritas_Mostar_Street_Sign.jpg	CC0	http://creativecommons.org/publicdomain/zero/1.0/deed.en	Bdx	Mostar	4	0	
Tuzla_-_SDA_Party_building_plaques_2019_.jpg	https://commons.wikimedia.org/wiki/File:Tuzla_-_SDA_Party_building_plaques_(2019).jpg	CC BY-SA 4.0	https://creativecommons.org/licenses/by-sa/4.0	Sebleouf	Tuzla	5	0	
Sarajevo_Bascarsija_2011-10-28_2_.jpg	https://commons.wikimedia.org/wiki/File:Sarajevo_Bascarsija_2011-10-28_(2).jpg	CC BY-SA 4.0	https://creativecommons.org/licenses/by-sa/4.0	Milan Suvajac	Sarajevo	2	0	
Information_board_in_Jajce.jpg	https://commons.wikimedia.org/wiki/File:Information_board_in_Jajce.jpg	CC BY-SA 4.0	https://creativecommons.org/licenses/by-sa/4.0	Adam Harangozó	Jajce	26	7	
Putokaz21.jpg	https://commons.wikimedia.org/wiki/File:Putokaz21.jpg	CC BY-SA 4.0	https://creativecommons.org/licenses/by-sa/4.0	Rade Nagraisalović	Banja Luka	5	3	
Gavrilo_princip_memorial_plaque_2009_edit1.jpg	https://commons.wikimedia.org/wiki/File:Gavrilo_princip_memorial_plaque_2009_edit1.jpg	CC BY 3.0	https://creativecommons.org/licenses/by/3.0	Gavrilo_princip_memorial_plaque_2009.jpg : Michael Büker derivative work: Mfield ( talk )	Sarajevo	9	0	
Sarajevo_road_M-a8_IMG_1166.JPG	https://commons.wikimedia.org/wiki/File:Sarajevo_road_M-a8_IMG_1166.JPG	CC BY-SA 3.0	https://creativecommons.org/licenses/by-sa/3.0	Bjoertvedt	Sarajevo	6	1	
Putokaz.jpg	https://commons.wikimedia.org/wiki/File:Putokaz.jpg	CC BY-SA 4.0	https://creativecommons.org/licenses/by-sa/4.0	Rade Nagraisalović		5	1	
Sarajevo_Bistrik_station_2018_1.jpg	https://commons.wikimedia.org/wiki/File:Sarajevo_%E2%80%93_Bistrik_station_2018_1.jpg	CC BY-SA 3.0	https://creativecommons.org/licenses/by-sa/3.0	Julian Nyča	Sarajevo	5	1	
Putokaz_za_Kastel.jpg	https://commons.wikimedia.org/wiki/File:Putokaz_za_Kastel.jpg	CC BY-SA 4.0	https://creativecommons.org/licenses/by-sa/4.0	Rade Nagraisalović	Banja Luka	2	0	
Tuzla_-_Ulica_Turalibegova_-_n18_2019_.jpg	https://commons.wikimedia.org/wiki/File:Tuzla_-_Ulica_Turalibegova_-_n18_(2019).jpg	CC BY-SA 4.0	https://creativecommons.org/licenses/by-sa/4.0	Sebleouf	Tuzla	2	0	
Entrance_to_Bosnia_and_Herzegovina_at_Brod.jpg	https://commons.wikimedia.org/wiki/File:Entrance_to_Bosnia_and_Herzegovina_at_Brod.jpg	CC BY-SA 2.0	https://creativecommons.org/licenses/by-sa/2.0	Saskia van de Nieuwenhof from Edinburgh, United Kingdom		3	2	
Tuzla_-_Ulica_Trgovačka_2019_.jpg	https://commons.wikimedia.org/wiki/File:Tuzla_-_Ulica_Trgova%C4%8Dka_(2019).jpg	CC BY-SA 4.0	https://creativecommons.org/licenses/by-sa/4.0	Sebleouf	Tuzla	2	0	
Eyof_2019_sign.jpg	https://commons.wikimedia.org/wiki/File:Eyof_2019_sign.jpg	CC BY-SA 4.0	https://creativecommons.org/licenses/by-sa/4.0	Smooth O	Sarajevo	10	1	
A_plaque_dedicated_to_British_and_Serbian_cooperation_Banja_Luka.jpg	https://commons.wikimedia.org/wiki/File:A_plaque_dedicated_to_British_and_Serbian_cooperation,_Banja_Luka.jpg	CC BY-SA 4.0	https://creativecommons.org/licenses/by-sa/4.0	"This image was made by Sadko . Please credit this with: ""Sadko, Wikipedia"" in the immediate vicinity of the image. A message to me would be appreciated as well. If you wish to use, license, or buy the image, please contact me to discuss terms. More of my work can be found in my personal gallery ."	Banja Luka	13	0	
War_Memorial_in_Kučine_BiH_2024.jpg	https://commons.wikimedia.org/wiki/File:War_Memorial_in_Ku%C4%8Dine,_BiH,_2024.jpg	CC0	http://creativecommons.org/publicdomain/zero/1.0/deed.en	Bdx		6	5	
Editing_Wikipedia_Workshop_in_Visegrad_-_78.JPG	https://commons.wikimedia.org/wiki/File:Editing_Wikipedia_Workshop_in_Visegrad_-_78.JPG	CC BY-SA 4.0	https://creativecommons.org/licenses/by-sa/4.0	Јелена Продановић	Visegrad	9	4	
Welcomesign_in_Brod_Republika_Srpska.jpg	https://commons.wikimedia.org/wiki/File:Welcomesign_in_Brod_Republika_Srpska.jpg	Public domain		Litany		2	0	
Ploča_Most_FT_Čapljina_2056.jpg	https://commons.wikimedia.org/wiki/File:Plo%C4%8Da,_Most_FT,_%C4%8Capljina_2056.jpg	CC BY-SA 3.0	https://creativecommons.org/licenses/by-sa/3.0	Quahadi Añtó		4	1	
Mis_Irbina_Street_in_Sarajevo_01.jpg	https://commons.wikimedia.org/wiki/File:Mis_Irbina_Street_in_Sarajevo_01.jpg	CC BY-SA 4.0	https://creativecommons.org/licenses/by-sa/4.0	BuhaM	Sarajevo	5	0	
Earthquake_memorial_broken_clock_and_Dragicevic_heart_Trg_Kraijna_Banja_Luka.jpg	https://commons.wikimedia.org/wiki/File:Earthquake_memorial_(broken_clock)_and_Dragicevic_heart,_Trg_Kraijna,_Banja_Luka.jpg	CC BY-SA 4.0	https://creativecommons.org/licenses/by-sa/4.0	Dans	Banja Luka	3	0	
Minefield_sign_3886691367_.jpg	https://commons.wikimedia.org/wiki/File:Minefield_sign_(3886691367).jpg	CC BY 2.0	https://creativecommons.org/licenses/by/2.0	NH53		2	0	
Street_in_Bihać.jpg	https://commons.wikimedia.org/wiki/File:Street_in_Biha%C4%87.jpg	CC BY-SA 2.0	https://creativecommons.org/licenses/by-sa/2.0	János Korom Dr. >16 Million views	Bihać	2	0	
Tuzla_-_Train_station_13_2019_.jpg	https://commons.wikimedia.org/wiki/File:Tuzla_-_Train_station_13_(2019).jpg	CC BY-SA 4.0	https://creativecommons.org/licenses/by-sa/4.0	Sebleouf	Tuzla	12	0	
Red_Cross_center_in_Tuzla_-_Plaques_2019_.jpg	https://commons.wikimedia.org/wiki/File:Red_Cross_center_in_Tuzla_-_Plaques_(2019).jpg	CC BY-SA 4.0	https://creativecommons.org/licenses/by-sa/4.0	Sebleouf	Tuzla	10	9	
Shopping_centre_in_Konjic_town.jpg	https://commons.wikimedia.org/wiki/File:Shopping_centre_in_Konjic_town.jpg	CC0	http://creativecommons.org/publicdomain/zero/1.0/deed.en	Bdx	Konjic	4	0	
Sarajevo_west_IMG_1171_hwy_M-19_Braca_Mujic_gas_station.JPG	https://commons.wikimedia.org/wiki/File:Sarajevo_west_IMG_1171_hwy_M-19_Braca_Mujic_gas_station.JPG	CC BY-SA 3.0	https://creativecommons.org/licenses/by-sa/3.0	Bjoertvedt	Sarajevo	3	0	
Trg_hrvatskih_vitezova01795.JPG	https://commons.wikimedia.org/wiki/File:Trg_hrvatskih_vitezova01795.JPG	CC BY-SA 3.0	https://creativecommons.org/licenses/by-sa/3.0	Anto ( talk ) 11:28, 26 July 2009 (UTC)		5	1	
Cyrillic_scratched_out_on_a_road_sign_in_Bosnia.jpg	https://commons.wikimedia.org/wiki/File:Cyrillic_scratched_out_on_a_road_sign_in_Bosnia.jpg	CC BY-SA 2.0	https://creativecommons.org/licenses/by-sa/2.0	Peretz Partensky from San Francisco, USA		4	0	
Streets_in_Mostar_001.jpg	https://commons.wikimedia.org/wiki/File:Streets_in_Mostar_001.jpg	CC BY-SA 2.0	https://creativecommons.org/licenses/by-sa/2.0	Damien Smith	Mostar	2	0	
Tuzla_-_Ulica_Bosne_Srebrene_1_2019_.jpg	https://commons.wikimedia.org/wiki/File:Tuzla_-_Ulica_Bosne_Srebrene_1_(2019).jpg	CC BY-SA 4.0	https://creativecommons.org/licenses/by-sa/4.0	Sebleouf	Tuzla	5	1	
Konzum_Croation_word_for_Supermarket_3802582748_.jpg	https://commons.wikimedia.org/wiki/File:Konzum_%22Croation_word_for_Supermarket%22_(3802582748).jpg	CC BY-SA 2.0	https://creativecommons.org/licenses/by-sa/2.0	Peretz Partensky from San Francisco, USA		4	2	
Tuzla_-_Ulica_Tabašnice_sign_2019_.jpg	https://commons.wikimedia.org/wiki/File:Tuzla_-_Ulica_Taba%C5%A1nice_sign_(2019).jpg	CC BY-SA 4.0	https://creativecommons.org/licenses/by-sa/4.0	Sebleouf	Tuzla	2	1	
Tabla222.jpg	https://commons.wikimedia.org/wiki/File:Tabla222.jpg	CC BY-SA 4.0	https://creativecommons.org/licenses/by-sa/4.0	Rade Nagraisalović	Banja Luka	19	1	
Bosnia_Huskovici_Sign_Trajkovski_Memorial.JPG	https://commons.wikimedia.org/wiki/File:Bosnia_Huskovici_Sign_Trajkovski_Memorial.JPG	CC BY-SA 3.0	https://creativecommons.org/licenses/by-sa/3.0	Mazbln		9	2	
Ulica_S._Radića-Vitez09343.JPG	https://commons.wikimedia.org/wiki/File:Ulica_S._Radi%C4%87a-Vitez09343.JPG	CC BY-SA 3.0	https://creativecommons.org/licenses/by-sa/3.0	Quahadi Añtó 08:27, 27 April 2010 (UTC)		2	0	
BanjalukaPartneriTabla.JPG	https://commons.wikimedia.org/wiki/File:BanjalukaPartneriTabla.JPG	CC BY-SA 3.0	http://creativecommons.org/licenses/by-sa/3.0/	SergiPopescou at Serbian Wikipedia		9	0	
Putakaz_BL.jpg	https://commons.wikimedia.org/wiki/File:Putakaz_BL.jpg	CC BY-SA 4.0	https://creativecommons.org/licenses/by-sa/4.0	Rade Nagraisalović	Banja Luka	3	1	
Road_sign_before_a_roundabout_in_Dubrave_Gornje_Živinice_BIH_2019_.jpg	https://commons.wikimedia.org/wiki/File:Road_sign_before_a_roundabout_in_Dubrave_Gornje,_%C5%BDivinice,_BIH_(2019).jpg	CC BY-SA 4.0	https://creativecommons.org/licenses/by-sa/4.0	Sebleouf		5	1	
Mate-Boban-street01276.JPG	https://commons.wikimedia.org/wiki/File:Mate-Boban-street01276.JPG	Public domain		Quahadi		5	0	
Sarajevo_Tram-231_Line-5_2011-10-20.jpg	https://commons.wikimedia.org/wiki/File:Sarajevo_Tram-231_Line-5_2011-10-20.jpg	CC BY-SA 4.0	https://creativecommons.org/licenses/by-sa/4.0	Milan Suvajac	Sarajevo	2	0	
Jarosław_Lindenberg_-_tablica.jpg	https://commons.wikimedia.org/wiki/File:Jaros%C5%82aw_Lindenberg_-_tablica.jpg	CC BY-SA 4.0	https://creativecommons.org/licenses/by-sa/4.0	Niegodzisie		5	1	
Martin_Brod_Street_Sign.jpg	https://commons.wikimedia.org/wiki/File:Martin_Brod_Street_Sign.jpg	CC BY-SA 3.0	http://creativecommons.org/licenses/by-sa/3.0/	Julian Nyča		3	0	
Putokaz_za_manastir_Krupu.jpg	https://commons.wikimedia.org/wiki/File:Putokaz_za_manastir_Krupu.jpg	CC BY-SA 4.0	https://creativecommons.org/licenses/by-sa/4.0	Rade Nagraisalović		7	0	
Leszek_Hensel_-_tablica.jpg	https://commons.wikimedia.org/wiki/File:Leszek_Hensel_-_tablica.jpg	CC BY-SA 4.0	https://creativecommons.org/licenses/by-sa/4.0	Niegodzisie		4	0	
Spomen_ploča-zavjetni_križ-utvrda-ŠB.jpg	https://commons.wikimedia.org/wiki/File:Spomen_plo%C4%8Da-zavjetni_kri%C5%BE-utvrda-%C5%A0B.jpg	Public domain		Anto ( talk ) 11:44, 10 May 2009 (UTC)		10	5	
Plaque_at_the_Battle_of_the_Sutjeska_memorial.jpg	https://commons.wikimedia.org/wiki/File:Plaque_at_the_Battle_of_the_Sutjeska_memorial.jpg	CC BY 2.0	https://creativecommons.org/licenses/by/2.0	xinem from GR, USA		3	0	
Andrzej_Krawczyk_-_tablica.jpg	https://commons.wikimedia.org/wiki/File:Andrzej_Krawczyk_-_tablica.jpg	CC BY-SA 4.0	https://creativecommons.org/licenses/by-sa/4.0	Niegodzisie		2	0	
Mis_Irbina_Street_in_Sarajevo_02.jpg	https://commons.wikimedia.org/wiki/File:Mis_Irbina_Street_in_Sarajevo_02.jpg	CC BY-SA 4.0	https://creativecommons.org/licenses/by-sa/4.0	BuhaM	Sarajevo	3	0	
Narrow-Gauge-Railway_Spalatobahn_Station-Travnik.jpg	https://commons.wikimedia.org/wiki/File:Narrow-Gauge-Railway_Spalatobahn_Station-Travnik.jpg	Public domain		C. S. 552 Postkartenverlag Cappon in Sarajevo, Franz Josefstr. 12	Travnik	3	0	
Entrance_in_Bosnia_and_Herzegovina_from_Croatia.jpg	https://commons.wikimedia.org/wiki/File:Entrance_in_Bosnia_and_Herzegovina_from_Croatia.jpg	CC BY-SA 4.0	https://creativecommons.org/licenses/by-sa/4.0	Smooth_O ( talk · contribs )		3	0	
Andrzej_Tyszkiewicz_-_tablica.jpg	https://commons.wikimedia.org/wiki/File:Andrzej_Tyszkiewicz_-_tablica.jpg	CC BY-SA 4.0	https://creativecommons.org/licenses/by-sa/4.0	Niegodzisie		2	0	
Road_to_Baljevac_-_panoramio.jpg	https://commons.wikimedia.org/wiki/File:Road_to_Baljevac_-_panoramio.jpg	CC BY 3.0	https://creativecommons.org/licenses/by/3.0	Hasan Zulic		2	0	
Sarajevo_84_-_Cafe_in_Piran_Scene_-_Piran_-_Adriatic_Coast_-_Slovenia_54567195518_.jpg	https://commons.wikimedia.org/wiki/File:Sarajevo_%2784_-_Cafe_in_Piran_Scene_-_Piran_-_Adriatic_Coast_-_Slovenia_(54567195518).jpg	CC BY 2.0	https://creativecommons.org/licenses/by/2.0	Adam Jones from Kelowna, BC, Canada	Sarajevo	2	0	
Assasination_Plaque.JPG	https://commons.wikimedia.org/wiki/File:Assasination_Plaque.JPG	CC0	http://creativecommons.org/publicdomain/zero/1.0/deed.en	Rudolph.A.furtado	Sarajevo	3	1	
Sarajevo_Jugoslavija_Poster.jpg	https://commons.wikimedia.org/wiki/File:Sarajevo_Jugoslavija_Poster.jpg	Public domain		Hanns Wagula	Sarajevo	7	0	
Spomen-ploča_u_Fojnici.jpg	https://commons.wikimedia.org/wiki/File:Spomen-plo%C4%8Da_u_Fojnici.jpg	CC BY-SA 4.0	https://creativecommons.org/licenses/by-sa/4.0	Zavičajac		3	1	
Putokaz_prema_tvrdjavi_Greben.jpg	https://commons.wikimedia.org/wiki/File:Putokaz_prema_tvrdjavi_Greben.jpg	CC BY-SA 4.0	https://creativecommons.org/licenses/by-sa/4.0	Rade Nagraisalović	Banja Luka	2	0	
Doboj_train_station.jpg	https://commons.wikimedia.org/wiki/File:Doboj_train_station.jpg	CC BY 2.0	https://creativecommons.org/licenses/by/2.0	anj?i from London, UK	Doboj	2	0	
Putokaz23.jpg	https://commons.wikimedia.org/wiki/File:Putokaz23.jpg	CC BY-SA 4.0	https://creativecommons.org/licenses/by-sa/4.0	Rade Nagraisalović	Banja Luka	3	1	
GiPS_Bus_Lion_s_City_05.jpg	https://commons.wikimedia.org/wiki/File:GiPS_Bus_Lion%27s_City_05.jpg	CC BY 4.0	https://creativecommons.org/licenses/by/4.0	KalyEV.	Tuzla	2	0	
SaobracajnaSK4.png	https://commons.wikimedia.org/wiki/File:SaobracajnaSK4.png	CC BY-SA 3.0	https://creativecommons.org/licenses/by-sa/3.0	KalyEV.	Tuzla	2	0	
Ćopić-spomenik.jpg	https://commons.wikimedia.org/wiki/File:%C4%86opi%C4%87-spomenik.jpg	Public domain		Public domain Public domain false false This work has been released into the public domain by its author, Tonka , at the English Wikipedia project . This applies worldwide. In case this is not legally possible: Tonka grants anyone the right to use this work for any purpose , without any conditions, unless such conditions are required by law.	Banja Luka	3	0	
Blagovac_plate.jpg	https://commons.wikimedia.org/wiki/File:Blagovac_plate.jpg	CC BY-SA 4.0	https://creativecommons.org/licenses/by-sa/4.0	Niegodzisie		2	0	
Ustipraca_Street_Sign_2.jpg	https://commons.wikimedia.org/wiki/File:Ustipraca_Street_Sign_2.jpg	CC BY-SA 3.0	http://creativecommons.org/licenses/by-sa/3.0/	Julian Nyča		4	2	
Sarajevo_west_IMG_1175_hwy_M-19_POLO_gas_station.JPG	https://commons.wikimedia.org/wiki/File:Sarajevo_west_IMG_1175_hwy_M-19_POLO_gas_station.JPG	CC BY-SA 3.0	https://creativecommons.org/licenses/by-sa/3.0	Bjoertvedt	Sarajevo	4	2	
Gavrilo_princip_memorial_plaque_2009.jpg	https://commons.wikimedia.org/wiki/File:Gavrilo_princip_memorial_plaque_2009.jpg	CC BY 3.0	https://creativecommons.org/licenses/by/3.0	Michael Büker	Sarajevo	8	0	
Gavrilo_Princip_steps_and_plaque.jpg	https://commons.wikimedia.org/wiki/File:Gavrilo_Princip_steps_and_plaque.jpg	CC BY 2.0	https://creativecommons.org/licenses/by/2.0	xinem from GR, USA	Sarajevo	9	1	
Tuzla_-_Ulica_Jevrejska_2019_.jpg	https://commons.wikimedia.org/wiki/File:Tuzla_-_Ulica_Jevrejska_(2019).jpg	CC BY-SA 4.0	https://creativecommons.org/licenses/by-sa/4.0	Sebleouf	Tuzla	7	0	
Hotel_Sarajevo_Skopje.jpg	https://commons.wikimedia.org/wiki/File:Hotel_Sarajevo,_Skopje.jpg	Public domain		Unknown author Unknown author	Sarajevo	2	0	
Umbrella_Shop_-_panoramio.jpg	https://commons.wikimedia.org/wiki/File:Umbrella_Shop_-_panoramio.jpg	CC BY 3.0	https://creativecommons.org/licenses/by/3.0	Raki_Man	Sarajevo	2	2	
2019_Eyof_sign1.jpg	https://commons.wikimedia.org/wiki/File:2019_Eyof_sign1.jpg	CC BY 4.0	https://creativecommons.org/licenses/by/4.0	Šemsi-begBranković		9	1	
Natpis_o_tvrdjavi_Greben.jpg	https://commons.wikimedia.org/wiki/File:Natpis_o_tvrdjavi_Greben.jpg	CC BY-SA 4.0	https://creativecommons.org/licenses/by-sa/4.0	Rade Nagraisalović	Banja Luka	87	18	
Gospodska_ulica_09.JPG	https://commons.wikimedia.org/wiki/File:Gospodska_ulica_09.JPG	CC BY-SA 3.0	https://creativecommons.org/licenses/by-sa/3.0	NinaEkvador		2	0	
Ustipraca_Street_Sign_1.jpg	https://commons.wikimedia.org/wiki/File:Ustipraca_Street_Sign_1.jpg	CC BY-SA 3.0	http://creativecommons.org/licenses/by-sa/3.0/	Julian Nyča		2	0	
Putokaz_BL.jpg	https://commons.wikimedia.org/wiki/File:Putokaz_BL.jpg	CC BY-SA 4.0	https://creativecommons.org/licenses/by-sa/4.0	Rade Nagraisalovic		5	1	
Bosnia_and_Herzegovina_traffic_sign_III-126.png	https://commons.wikimedia.org/wiki/File:Bosnia_and_Herzegovina_traffic_sign_III-126.png	CC BY 3.0	https://creativecommons.org/licenses/by/3.0	Вазовик110		11	0	
School_sign_in_Donji_Kakanj.jpg	https://commons.wikimedia.org/wiki/File:School_sign_in_Donji_Kakanj.jpg	CC BY 2.0	https://creativecommons.org/licenses/by/2.0	Michelle Walz Eriksson from Amman, Jordan		9	4	
Elviscafe_18797671099_.jpg	https://commons.wikimedia.org/wiki/File:Elviscafe_(18797671099).jpg	CC BY 2.0	https://creativecommons.org/licenses/by/2.0	Jonathan Retico	Sarajevo	2	1	
Tuzla_-_Pannonian_Lakes_4_2019_.jpg	https://commons.wikimedia.org/wiki/File:Tuzla_-_Pannonian_Lakes_4_(2019).jpg	CC BY-SA 4.0	https://creativecommons.org/licenses/by-sa/4.0	Sebleouf	Tuzla	12	3	
Gorazde_south_IMG_0580.JPG	https://commons.wikimedia.org/wiki/File:Gorazde_south_IMG_0580.JPG	CC BY-SA 4.0	https://creativecommons.org/licenses/by-sa/4.0	Bjoertvedt	Gorazde	2	0	
20220226_Sarajevo_understands.jpg	https://commons.wikimedia.org/wiki/File:20220226_Sarajevo_understands.jpg	CC BY-SA 4.0	https://creativecommons.org/licenses/by-sa/4.0	Niegodzisie	Sarajevo	2	0	
禁止事項_5127318146_.jpg	https://commons.wikimedia.org/wiki/File:%E7%A6%81%E6%AD%A2%E4%BA%8B%E9%A0%85_(5127318146).jpg	CC BY-SA 2.0	https://creativecommons.org/licenses/by-sa/2.0	TheLordMayor	Sarajevo	16	0	
Kotorsko_odbočka.jpg	https://commons.wikimedia.org/wiki/File:Kotorsko,_odbo%C4%8Dka.jpg	CC BY 3.0	https://creativecommons.org/licenses/by/3.0	I would appreciate being notified if you use my work outside Wikimedia. More of my work can be found in my personal gallery .		8	2	
Info_Atik_džamija.jpg	https://commons.wikimedia.org/wiki/File:Info_Atik_d%C5%BEamija.jpg	CC0	http://creativecommons.org/publicdomain/zero/1.0/deed.en	Emin Tarahija		13	1	
Gazi_Husrev-beg_s_Mosque_01.jpg	https://commons.wikimedia.org/wiki/File:Gazi_Husrev-beg%27s_Mosque_01.jpg	CC BY-SA 4.0	https://creativecommons.org/licenses/by-sa/4.0	Bernard Gagnon	Sarajevo	8	1	
Križanje-Vitez09345.JPG	https://commons.wikimedia.org/wiki/File:Kri%C5%BEanje-Vitez09345.JPG	CC BY-SA 3.0	https://creativecommons.org/licenses/by-sa/3.0	Quahadi Añtó 07:42, 29 April 2010 (UTC)		6	0	
Зеница_20180623_172726.jpg	https://commons.wikimedia.org/wiki/File:%D0%97%D0%B5%D0%BD%D0%B8%D1%86%D0%B0_20180623_172726.jpg	Public domain		Obsuser	Zenica	2	1	
Sarajevo_May_2020_14.jpg	https://commons.wikimedia.org/wiki/File:Sarajevo_May_2020_14.jpg	CC BY-SA 4.0	https://creativecommons.org/licenses/by-sa/4.0	Smooth O	Sarajevo	2	1	
Зеница_20180712_231531r.jpg	https://commons.wikimedia.org/wiki/File:%D0%97%D0%B5%D0%BD%D0%B8%D1%86%D0%B0_20180712_231531r.jpg	CC BY-SA 4.0	https://creativecommons.org/licenses/by-sa/4.0	Obsuser		2	0	
Господска_улица_с.с.jpg	https://commons.wikimedia.org/wiki/File:%D0%93%D0%BE%D1%81%D0%BF%D0%BE%D0%B4%D1%81%D0%BA%D0%B0_%D1%83%D0%BB%D0%B8%D1%86%D0%B0_%D1%81.%D1%81.jpg	CC BY-SA 4.0	https://creativecommons.org/licenses/by-sa/4.0	Sladjan Spasojevic		3	0	
Komanda_7._korpusa_Travnik_BiH.JPG	https://commons.wikimedia.org/wiki/File:Komanda_7._korpusa,_Travnik,_BiH.JPG	CC BY-SA 4.0	https://creativecommons.org/licenses/by-sa/4.0	BiHVolim	Travnik	5	0	
NP002_-_15.jpg	https://commons.wikimedia.org/wiki/File:NP002_-_15.jpg	CC BY-SA 4.0	https://creativecommons.org/licenses/by-sa/4.0	elektronak		3	0	
Tuzla_-_Trnovac_Groblje_3_2019_.jpg	https://commons.wikimedia.org/wiki/File:Tuzla_-_Trnovac_Groblje_3_(2019).jpg	CC BY-SA 4.0	https://creativecommons.org/licenses/by-sa/4.0	Sebleouf	Tuzla	9	0	
Зеница_20230201_122011_cropped1.jpg	https://commons.wikimedia.org/wiki/File:%D0%97%D0%B5%D0%BD%D0%B8%D1%86%D0%B0_20230201_122011_cropped1.jpg	CC BY-SA 4.0	https://creativecommons.org/licenses/by-sa/4.0	Ioacc1234red		5	0	
Зеница_20180623_173140.jpg	https://commons.wikimedia.org/wiki/File:%D0%97%D0%B5%D0%BD%D0%B8%D1%86%D0%B0_20180623_173140.jpg	Public domain		Obsuser	Zenica	7	0	
Ranjenike_ne_smijemo_ostaviti.jpg	https://commons.wikimedia.org/wiki/File:Ranjenike_ne_smijemo_ostaviti.jpg	CC BY-SA 3.0	https://creativecommons.org/licenses/by-sa/3.0	Flammard		5	0	
Roundabout_Derventa.jpg	https://commons.wikimedia.org/wiki/File:Roundabout_Derventa.jpg	CC BY-SA 4.0	https://creativecommons.org/licenses/by-sa/4.0	MarinaSimic		3	1	
Kosača-fort-Ljubuški02209.JPG	https://commons.wikimedia.org/wiki/File:Kosa%C4%8Da-fort-Ljubu%C5%A1ki02209.JPG	CC BY-SA 3.0	https://creativecommons.org/licenses/by-sa/3.0	Anto ( talk ) 16:21, 31 July 2009 (UTC)		5	1	
Зеница_20190811_114430.jpg	https://commons.wikimedia.org/wiki/File:%D0%97%D0%B5%D0%BD%D0%B8%D1%86%D0%B0_20190811_114430.jpg	CC BY-SA 4.0	https://creativecommons.org/licenses/by-sa/4.0	Obsuser		3	0	
Umoljani_nekropole_7.jpg	https://commons.wikimedia.org/wiki/File:Umoljani_%E2%80%93_nekropole_7.jpg	CC BY-SA 3.0	https://creativecommons.org/licenses/by-sa/3.0	Julian Nyča		2	0	
Парк_природе_Борја_2_.JPG	https://commons.wikimedia.org/wiki/File:%D0%9F%D0%B0%D1%80%D0%BA_%D0%BF%D1%80%D0%B8%D1%80%D0%BE%D0%B4%D0%B5_%D0%91%D0%BE%D1%80%D1%98%D0%B0_(2).JPG	CC BY-SA 3.0	https://creativecommons.org/licenses/by-sa/3.0	Slaven995		17	2	
Tursko_kupatilo_Vilina_Vlas10.jpg	https://commons.wikimedia.org/wiki/File:Tursko_kupatilo_Vilina_Vlas10.jpg	CC BY-SA 4.0	https://creativecommons.org/licenses/by-sa/4.0	Ceca Visegrad		5	0	
JŽ-19-37-in-May-2012-in-Doboj_04.jpg	https://commons.wikimedia.org/wiki/File:J%C5%BD-19-37-in-May-2012-in-Doboj_04.jpg	CC BY-SA 4.0	https://creativecommons.org/licenses/by-sa/4.0	Kleeblatt187	Doboj	2	0	
Mate-boban-Grude01277.JPG	https://commons.wikimedia.org/wiki/File:Mate-boban-Grude01277.JPG	Public domain		Quahadi		2	1	
Tuzla_-_Pannonian_Lakes_10_2019_.jpg	https://commons.wikimedia.org/wiki/File:Tuzla_-_Pannonian_Lakes_10_(2019).jpg	CC BY-SA 4.0	https://creativecommons.org/licenses/by-sa/4.0	Sebleouf	Tuzla	6	4	
Tuzla_-_Pannonian_Lakes_5_2019_.jpg	https://commons.wikimedia.org/wiki/File:Tuzla_-_Pannonian_Lakes_5_(2019).jpg	CC BY-SA 4.0	https://creativecommons.org/licenses/by-sa/4.0	Sebleouf	Tuzla	8	6	
Зеница_20190427_190901.jpg	https://commons.wikimedia.org/wiki/File:%D0%97%D0%B5%D0%BD%D0%B8%D1%86%D0%B0_20190427_190901.jpg	CC BY-SA 4.0	https://creativecommons.org/licenses/by-sa/4.0	Obsuser	Zenica	2	0	
FK_Sarajevo_Ferhadiye_mağazası_sağdan_gece.jpg	https://commons.wikimedia.org/wiki/File:FK_Sarajevo_Ferhadiye_ma%C4%9Fazas%C4%B1_sa%C4%9Fdan_gece.jpg	CC BY-SA 4.0	https://creativecommons.org/licenses/by-sa/4.0	𐰇𐱅𐰚𐰤	Sarajevo	4	0	
Bosnia_IMG_9558_pale_south.JPG	https://commons.wikimedia.org/wiki/File:Bosnia_IMG_9558_pale_south.JPG	CC BY-SA 3.0	https://creativecommons.org/licenses/by-sa/3.0	Bjoertvedt		2	0	
Зеница_20190810_164842.jpg	https://commons.wikimedia.org/wiki/File:%D0%97%D0%B5%D0%BD%D0%B8%D1%86%D0%B0_20190810_164842.jpg	CC BY-SA 4.0	https://creativecommons.org/licenses/by-sa/4.0	Obsuser	Zenica	2	0	
Park_Tuzla.jpg	https://commons.wikimedia.org/wiki/File:Park_Tuzla.jpg	CC BY-SA 4.0	https://creativecommons.org/licenses/by-sa/4.0	Mateo K 01	Tuzla	52	11	
Krunidbeno_mjesto_bosanskih_kraljeva_1.jpg	https://commons.wikimedia.org/wiki/File:Krunidbeno_mjesto_bosanskih_kraljeva_1.jpg	CC BY-SA 4.0	https://creativecommons.org/licenses/by-sa/4.0	Zavičajac		7	3	
Pecina.jpg	https://commons.wikimedia.org/wiki/File:Pecina.jpg	CC BY-SA 3.0	https://creativecommons.org/licenses/by-sa/3.0	Erfnou		8	3	
Лонџа_Зеница_20180625_184518.jpg	https://commons.wikimedia.org/wiki/File:%D0%9B%D0%BE%D0%BD%D1%9F%D0%B0_%D0%97%D0%B5%D0%BD%D0%B8%D1%86%D0%B0_20180625_184518.jpg	CC BY-SA 4.0	https://creativecommons.org/licenses/by-sa/4.0	Obsuser	Zenica	3	0	
Bihać_Univerzitetska_biblioteka.jpg	https://commons.wikimedia.org/wiki/File:Biha%C4%87,_Univerzitetska_biblioteka.jpg	CC BY-SA 2.0	https://creativecommons.org/licenses/by-sa/2.0	János Korom Dr. >16 Million views	Bihać	2	0	
OpstinaCelinac.jpg	https://commons.wikimedia.org/wiki/File:OpstinaCelinac.jpg	Public domain		CaffeCelinac		5	4	
Željuša_134943.jpg	https://commons.wikimedia.org/wiki/File:%C5%BDelju%C5%A1a_134943.jpg	CC BY-SA 4.0	https://creativecommons.org/licenses/by-sa/4.0	Niegodzisie		4	2	
Bosnien_3927_5552347243_.jpg	https://commons.wikimedia.org/wiki/File:Bosnien_3927_(5552347243).jpg	CC BY-SA 2.0	https://creativecommons.org/licenses/by-sa/2.0	sbamueller	Sarajevo	3	0	
Dupovci-Bosna-Hersek.JPG	https://commons.wikimedia.org/wiki/File:Dupovci-Bosna-Hersek.JPG	CC0	http://creativecommons.org/publicdomain/zero/1.0/deed.en	Vikiçizer		2	0	
Mostar_Peace_Bell_Tower_01.jpg	https://commons.wikimedia.org/wiki/File:Mostar_Peace_Bell_Tower_01.jpg	CC BY-SA 4.0	https://creativecommons.org/licenses/by-sa/4.0	Bernard Gagnon	Mostar	6	0	
Žuta_Tabija_Sarajevo.jpg	https://commons.wikimedia.org/wiki/File:%C5%BDuta_Tabija,_Sarajevo.jpg	CC BY-SA 4.0	https://creativecommons.org/licenses/by-sa/4.0	Bernard Gagnon	Sarajevo	7	1	
Kralja_Tvrtka_-_panoramio.jpg	https://commons.wikimedia.org/wiki/File:Kralja_Tvrtka_-_panoramio.jpg	CC BY 3.0	https://creativecommons.org/licenses/by/3.0	Branimir Mlakić		7	1	
Зеница_20180620_051930.jpg	https://commons.wikimedia.org/wiki/File:%D0%97%D0%B5%D0%BD%D0%B8%D1%86%D0%B0_20180620_051930.jpg	CC BY-SA 4.0	https://creativecommons.org/licenses/by-sa/4.0	Obsuser		2	0	
Зеница_20180627_110958.jpg	https://commons.wikimedia.org/wiki/File:%D0%97%D0%B5%D0%BD%D0%B8%D1%86%D0%B0_20180627_110958.jpg	CC BY-SA 4.0	https://creativecommons.org/licenses/by-sa/4.0	Obsuser	Zenica	3	0	
Kosača-fort-Ljubuški02211.JPG	https://commons.wikimedia.org/wiki/File:Kosa%C4%8Da-fort-Ljubu%C5%A1ki02211.JPG	CC BY-SA 3.0	https://creativecommons.org/licenses/by-sa/3.0	Anto ( talk ) 16:21, 31 July 2009 (UTC)		13	3	
Location_of_Sarajevo_Assassination_賽拉耶佛暗殺處_-_panoramio.jpg	https://commons.wikimedia.org/wiki/File:Location_of_Sarajevo_Assassination_%E8%B3%BD%E6%8B%89%E8%80%B6%E4%BD%9B%E6%9A%97%E6%AE%BA%E8%99%95_-_panoramio.jpg	CC BY 3.0	https://creativecommons.org/licenses/by/3.0	lienyuan lee	Sarajevo	4	1	
Зеница_20230201_122031_cropped.jpg	https://commons.wikimedia.org/wiki/File:%D0%97%D0%B5%D0%BD%D0%B8%D1%86%D0%B0_20230201_122031_cropped.jpg	CC BY-SA 4.0	https://creativecommons.org/licenses/by-sa/4.0	Ioacc1234red		7	0	
Зеница_20200709_114009.jpg	https://commons.wikimedia.org/wiki/File:%D0%97%D0%B5%D0%BD%D0%B8%D1%86%D0%B0_20200709_114009.jpg	CC BY-SA 4.0	https://creativecommons.org/licenses/by-sa/4.0	Obsuser		5	0	
Господска0026.jpg	https://commons.wikimedia.org/wiki/File:%D0%93%D0%BE%D1%81%D0%BF%D0%BE%D0%B4%D1%81%D0%BA%D0%B00026.jpg	CC BY-SA 4.0	https://creativecommons.org/licenses/by-sa/4.0	Слободни умјетник		4	0	
20220226_Sarajevo_Kyiv.jpg	https://commons.wikimedia.org/wiki/File:20220226_Sarajevo_Kyiv.jpg	CC BY-SA 4.0	https://creativecommons.org/licenses/by-sa/4.0	Niegodzisie	Sarajevo	2	1	
Tuzla_-_Tušanj_Stadium_5_2019_.jpg	https://commons.wikimedia.org/wiki/File:Tuzla_-_Tu%C5%A1anj_Stadium_5_(2019).jpg	CC BY-SA 4.0	https://creativecommons.org/licenses/by-sa/4.0	Sebleouf	Tuzla	8	1	
Зеница_20180623_174019.jpg	https://commons.wikimedia.org/wiki/File:%D0%97%D0%B5%D0%BD%D0%B8%D1%86%D0%B0_20180623_174019.jpg	Public domain		Obsuser	Zenica	15	0	
Mostar_-_Roznamedži_Ibrahim-efendije_džamija_49033068832_.jpg	https://commons.wikimedia.org/wiki/File:Mostar_-_Roznamed%C5%BEi_Ibrahim-efendije_d%C5%BEamija_(49033068832).jpg	CC BY 2.0	https://creativecommons.org/licenses/by/2.0	Fred Romero from Paris, France	Mostar	2	0	
Зеница_20230220_121427.jpg	https://commons.wikimedia.org/wiki/File:%D0%97%D0%B5%D0%BD%D0%B8%D1%86%D0%B0_20230220_121427.jpg	CC BY-SA 4.0	https://creativecommons.org/licenses/by-sa/4.0	Ioacc1234red		4	4	
Зеница_-_1909_-_чаршија_улице_Кочева_чаршија_које_више_нема_од_краја_1968._године_разгледница.jpg	https://commons.wikimedia.org/wiki/File:%D0%97%D0%B5%D0%BD%D0%B8%D1%86%D0%B0_-_1909_-_%D1%87%D0%B0%D1%80%D1%88%D0%B8%D1%98%D0%B0_%D1%83%D0%BB%D0%B8%D1%86%D0%B5_%D0%9A%D0%BE%D1%87%D0%B5%D0%B2%D0%B0,_%D1%87%D0%B0%D1%80%D1%88%D0%B8%D1%98%D0%B0_%D0%BA%D0%BE%D1%98%D0%B5_%D0%B2%D0%B8%D1%88%D0%B5_%D0%BD%D0%B5%D0%BC%D0%B0_%D0%BE%D0%B4_%D0%BA%D1%80%D0%B0%D1%98%D0%B0_1968._%D0%B3%D0%BE%D0%B4%D0%B8%D0%BD%D0%B5,_%D1%80%D0%B0%D0%B7%D0%B3%D0%BB%D0%B5%D0%B4%D0%BD%D0%B8%D1%86%D0%B0.jpg	Public domain		Unknown, image published on Zenica - Stare slike i pričice facebook page managed by old Zenican Mirsad Đulbić	Zenica	3	1	
Zenica_ukazatele.jpg	https://commons.wikimedia.org/wiki/File:Zenica,_ukazatele.jpg	CC BY 3.0	https://creativecommons.org/licenses/by/3.0	I would appreciate being notified if you use my work outside Wikimedia. More of my work can be found in my personal gallery .	Zenica	3	0	
Thieves_of_Sarajevo_20220620.jpg	https://commons.wikimedia.org/wiki/File:Thieves_of_Sarajevo_20220620.jpg	CC BY-SA 4.0	https://creativecommons.org/licenses/by-sa/4.0	User:Zenwort	Sarajevo	4	0	
Gorazde-Ustikolina_M20_IMG_0605.JPG	https://commons.wikimedia.org/wiki/File:Gorazde-Ustikolina_M20_IMG_0605.JPG	CC BY-SA 4.0	https://creativecommons.org/licenses/by-sa/4.0	Bjoertvedt	Gorazde	2	0	
CIMG4588_8691636213_.jpg	https://commons.wikimedia.org/wiki/File:CIMG4588_(8691636213).jpg	CC BY 2.0	https://creativecommons.org/licenses/by/2.0	Brian Eager from Livno, Bosnia and Herzegovina		4	1	
Žepa_bridge_8.jpg	https://commons.wikimedia.org/wiki/File:%C5%BDepa_bridge_8.jpg	CC BY-SA 3.0	https://creativecommons.org/licenses/by-sa/3.0	Julian Nyča		6	0	
Sarajevo_Stojimo_uz_Ukrajinu_3.jpg	https://commons.wikimedia.org/wiki/File:Sarajevo,_Stojimo_uz_Ukrajinu_3.jpg	CC BY-SA 4.0	https://creativecommons.org/licenses/by-sa/4.0	Niegodzisie	Sarajevo	7	0	
Rudo_Partizansko_groblje_02.jpg	https://commons.wikimedia.org/wiki/File:Rudo_%E2%80%93_Partizansko_groblje_02.jpg	CC BY-SA 3.0	https://creativecommons.org/licenses/by-sa/3.0	Julian Nyča		9	1	
Бања_Дворови_13_.jpg	https://commons.wikimedia.org/wiki/File:%D0%91%D0%B0%D1%9A%D0%B0_%D0%94%D0%B2%D0%BE%D1%80%D0%BE%D0%B2%D0%B8_(13).jpg	CC BY-SA 4.0	https://creativecommons.org/licenses/by-sa/4.0	Ранко Николић		5	0	
Old_driver_s_license_of_Yugoslavia_-_page_26-27.jpg	https://commons.wikimedia.org/wiki/File:Old_driver%27s_license_of_Yugoslavia_-_page_26-27.jpg	Public domain		Yugoslavia		6	8	
Gospodska_i_sat.jpg	https://commons.wikimedia.org/wiki/File:Gospodska_i_sat.jpg	CC BY-SA 4.0	https://creativecommons.org/licenses/by-sa/4.0	Simeunnera		3	0	
Principovo_vrelo.jpg	https://commons.wikimedia.org/wiki/File:Principovo_vrelo.jpg	Public domain		2e1a0 at Serbian Wikipedia		2	0	
Бањалука_20190605_145037.jpg	https://commons.wikimedia.org/wiki/File:%D0%91%D0%B0%D1%9A%D0%B0%D0%BB%D1%83%D0%BA%D0%B0_20190605_145037.jpg	CC BY-SA 4.0	https://creativecommons.org/licenses/by-sa/4.0	Obsuser	Banja Luka	5	0	
Franciscan_church_Mostar.jpg	https://commons.wikimedia.org/wiki/File:Franciscan_church_Mostar.jpg	CC BY-SA 3.0	http://creativecommons.org/licenses/by-sa/3.0/	Julian Nyča	Mostar	4	0	
Minsko_polje_kod_Grebnica.jpg	https://commons.wikimedia.org/wiki/File:Minsko_polje_kod_Grebnica.jpg	CC BY-SA 4.0	https://creativecommons.org/licenses/by-sa/4.0	Matil91		2	0	
Зеница_20230201_122011_cropped.jpg	https://commons.wikimedia.org/wiki/File:%D0%97%D0%B5%D0%BD%D0%B8%D1%86%D0%B0_20230201_122011_cropped.jpg	CC BY-SA 4.0	https://creativecommons.org/licenses/by-sa/4.0	Ioacc1234red		7	0	
Croatia_P8165302raw_3943309253_.jpg	https://commons.wikimedia.org/wiki/File:Croatia_P8165302raw_(3943309253).jpg	CC BY 2.0	https://creativecommons.org/licenses/by/2.0	Javier Losa		6	1	
The_old_Vratnik_fort_map.JPG	https://commons.wikimedia.org/wiki/File:The_old_Vratnik_fort_map.JPG	CC BY-SA 4.0	https://creativecommons.org/licenses/by-sa/4.0	BiHVolim	Sarajevo	13	3	
Зеница_20190810_164147.jpg	https://commons.wikimedia.org/wiki/File:%D0%97%D0%B5%D0%BD%D0%B8%D1%86%D0%B0_20190810_164147.jpg	CC BY-SA 4.0	https://creativecommons.org/licenses/by-sa/4.0	Obsuser		2	0	
Hreša_125713.jpg	https://commons.wikimedia.org/wiki/File:Hre%C5%A1a_125713.jpg	CC BY-SA 4.0	https://creativecommons.org/licenses/by-sa/4.0	Niegodzisie		2	1	
Зеница_20180623_170622.jpg	https://commons.wikimedia.org/wiki/File:%D0%97%D0%B5%D0%BD%D0%B8%D1%86%D0%B0_20180623_170622.jpg	CC BY-SA 4.0	https://creativecommons.org/licenses/by-sa/4.0	Obsuser	Zenica	3	0	
Sarajevo_Cathedral_01.jpg	https://commons.wikimedia.org/wiki/File:Sarajevo_Cathedral_01.jpg	CC BY-SA 4.0	https://creativecommons.org/licenses/by-sa/4.0	Bernard Gagnon	Sarajevo	11	0	
Sarajevo_8745448096_.jpg	https://commons.wikimedia.org/wiki/File:Sarajevo_(8745448096).jpg	CC BY 2.0	https://creativecommons.org/licenses/by/2.0	Athena Lao from USA	Sarajevo	19	0	
Vraca_Sarajevo_Bosnia_and_Herzegovina_-_panoramio_1_.jpg	https://commons.wikimedia.org/wiki/File:Vraca,_Sarajevo,_Bosnia_and_Herzegovina_-_panoramio_(1).jpg	CC BY-SA 3.0	https://creativecommons.org/licenses/by-sa/3.0	Ref B.	Sarajevo	4	0	
Kosača-fort-Ljubuški02210.JPG	https://commons.wikimedia.org/wiki/File:Kosa%C4%8Da-fort-Ljubu%C5%A1ki02210.JPG	CC BY-SA 3.0	https://creativecommons.org/licenses/by-sa/3.0	Anto ( talk ) 16:21, 31 July 2009 (UTC)		63	9	
Mostar_casco_antiguo_25.jpg	https://commons.wikimedia.org/wiki/File:Mostar,_casco_antiguo_25.jpg	CC BY-SA 4.0	https://creativecommons.org/licenses/by-sa/4.0	LBM1948	Mostar	2	0	
Господска_улица_2.jpg	https://commons.wikimedia.org/wiki/File:%D0%93%D0%BE%D1%81%D0%BF%D0%BE%D0%B4%D1%81%D0%BA%D0%B0_%D1%83%D0%BB%D0%B8%D1%86%D0%B0_2.jpg	CC BY-SA 4.0	https://creativecommons.org/licenses/by-sa/4.0	Saša Knežić	Banja Luka	2	0	
Walled_royal_town_of_Bobovac.jpg	https://commons.wikimedia.org/wiki/File:Walled_royal_town_of_Bobovac.jpg	CC BY-SA 4.0	https://creativecommons.org/licenses/by-sa/4.0	AnToni		43	6	
Buiobuione-Border-between-Bosnia-and_-Herzegovina-and_-Republika_Srpska.jpg	https://commons.wikimedia.org/wiki/File:Buiobuione-Border-between-Bosnia-and_-Herzegovina-and_-Republika_Srpska.jpg	CC BY-SA 4.0	https://creativecommons.org/licenses/by-sa/4.0	Buiobuione		3	0	
Kravica_waterfalls_2019-08-24_-_1_2.jpg	https://commons.wikimedia.org/wiki/File:Kravica_waterfalls_2019-08-24_-_1_2.jpg	CC BY-SA 4.0	https://creativecommons.org/licenses/by-sa/4.0	Z thomas		5	0	
Bosnian_war_collateral.JPG	https://commons.wikimedia.org/wiki/File:Bosnian_war_collateral.JPG	CC BY-SA 3.0	https://creativecommons.org/licenses/by-sa/3.0	Queerbubbles		4	0	
Mostar-damagedhouses-1-2001.jpg	https://commons.wikimedia.org/wiki/File:Mostar-damagedhouses-1-2001.jpg	CC BY-SA 3.0	https://creativecommons.org/licenses/by-sa/3.0	Jeroen	Mostar	9	1	
Tuzla_-_Trnovac_Groblje_7_2019_.jpg	https://commons.wikimedia.org/wiki/File:Tuzla_-_Trnovac_Groblje_7_(2019).jpg	CC BY-SA 4.0	https://creativecommons.org/licenses/by-sa/4.0	Sebleouf	Tuzla	2	0	
Trnovo_RS_north_Bogatići_IMG_1009.jpg	https://commons.wikimedia.org/wiki/File:Trnovo_RS_north_Bogati%C4%87i_IMG_1009.jpg	CC BY-SA 4.0	https://creativecommons.org/licenses/by-sa/4.0	Bjoertvedt		2	0	
ParkRavne6.jpg	https://commons.wikimedia.org/wiki/File:ParkRavne6.jpg	CC BY-SA 4.0	https://creativecommons.org/licenses/by-sa/4.0	Mhare		17	6	
Skretanje_za_Tihaljinu_i_Drinovce_Sovići_Grude90342.JPG	https://commons.wikimedia.org/wiki/File:Skretanje_za_Tihaljinu_i_Drinovce,Sovi%C4%87i,_Grude90342.JPG	CC BY-SA 3.0	https://creativecommons.org/licenses/by-sa/3.0	Quahadi Añtó 11:01, 20 December 2010 (UTC)		6	4	
Sarajevo_Socijalno_2011-11-11.jpg	https://commons.wikimedia.org/wiki/File:Sarajevo_Socijalno_2011-11-11.jpg	CC BY-SA 4.0	https://creativecommons.org/licenses/by-sa/4.0	Milan Suvajac	Sarajevo	2	0	
Minewarning_in_Bosnia_and_Herzegowina.jpg	https://commons.wikimedia.org/wiki/File:Minewarning_in_Bosnia_and_Herzegowina.jpg	CC BY-SA 3.0	https://creativecommons.org/licenses/by-sa/3.0	Dickelbers		2	2	
Night_in_Ferhadija.jpg	https://commons.wikimedia.org/wiki/File:Night_in_Ferhadija.jpg	CC BY 2.0	https://creativecommons.org/licenses/by/2.0	CJ		2	0	
Bosnia_IMG_9562_srpska_border_sarajevo-pale.JPG	https://commons.wikimedia.org/wiki/File:Bosnia_IMG_9562_srpska_border_sarajevo-pale.JPG	CC BY-SA 3.0	https://creativecommons.org/licenses/by-sa/3.0	Bjoertvedt	Sarajevo	2	0	
Ulaz_u_općinu_Grude_iz_Imotskog02258.JPG	https://commons.wikimedia.org/wiki/File:Ulaz_u_op%C4%87inu_Grude_iz_Imotskog02258.JPG	CC BY-SA 3.0	https://creativecommons.org/licenses/by-sa/3.0	Quahadi Añtó 13:56, 17 December 2010 (UTC)		4	3	
Господска_улица_Бања_Лука.jpg	https://commons.wikimedia.org/wiki/File:%D0%93%D0%BE%D1%81%D0%BF%D0%BE%D0%B4%D1%81%D0%BA%D0%B0_%D1%83%D0%BB%D0%B8%D1%86%D0%B0_%D0%91%D0%B0%D1%9A%D0%B0_%D0%9B%D1%83%D0%BA%D0%B0.jpg	CC BY-SA 4.0	https://creativecommons.org/licenses/by-sa/4.0	Sini985		2	0	
Зеница_20190427_191013.jpg	https://commons.wikimedia.org/wiki/File:%D0%97%D0%B5%D0%BD%D0%B8%D1%86%D0%B0_20190427_191013.jpg	CC BY-SA 4.0	https://creativecommons.org/licenses/by-sa/4.0	Obsuser	Zenica	3	0	
Sarajevo_Dzemala-Bijedica_2011-11-04_15_.jpg	https://commons.wikimedia.org/wiki/File:Sarajevo_Dzemala-Bijedica_2011-11-04_(15).jpg	CC BY-SA 4.0	https://creativecommons.org/licenses/by-sa/4.0	Milan Suvajac	Sarajevo	5	1	
Зеница_20180628_102211.jpg	https://commons.wikimedia.org/wiki/File:%D0%97%D0%B5%D0%BD%D0%B8%D1%86%D0%B0_20180628_102211.jpg	CC BY-SA 4.0	https://creativecommons.org/licenses/by-sa/4.0	Obsuser	Zenica	5	0	
Sarajevo_jidelnicek.jpg	https://commons.wikimedia.org/wiki/File:Sarajevo_jidelnicek.jpg	CC BY-SA 3.0	https://creativecommons.org/licenses/by-sa/3.0	Pavouk	Sarajevo	45	8	
Бањалука_20190605_144744.jpg	https://commons.wikimedia.org/wiki/File:%D0%91%D0%B0%D1%9A%D0%B0%D0%BB%D1%83%D0%BA%D0%B0_20190605_144744.jpg	CC BY-SA 4.0	https://creativecommons.org/licenses/by-sa/4.0	Obsuser	Banja Luka	6	0	
Blizanci_vinohrady.jpg	https://commons.wikimedia.org/wiki/File:Blizanci,_vinohrady.jpg	CC BY 3.0	https://creativecommons.org/licenses/by/3.0	I would appreciate being notified if you use my work outside Wikimedia. More of my work can be found in my personal gallery .		2	0	
Sarajevo_Dzemala-Bijedica_2011-11-04_37_.jpg	https://commons.wikimedia.org/wiki/File:Sarajevo_Dzemala-Bijedica_2011-11-04_(37).jpg	CC BY-SA 4.0	https://creativecommons.org/licenses/by-sa/4.0	Milan Suvajac	Sarajevo	21	5	
Зеница_20190810_165026.jpg	https://commons.wikimedia.org/wiki/File:%D0%97%D0%B5%D0%BD%D0%B8%D1%86%D0%B0_20190810_165026.jpg	CC BY-SA 4.0	https://creativecommons.org/licenses/by-sa/4.0	Obsuser	Zenica	2	0	
Stari_grad_Vratnik_mapa.jpg	https://commons.wikimedia.org/wiki/File:Stari_grad_Vratnik_mapa.jpg	CC BY-SA 4.0	https://creativecommons.org/licenses/by-sa/4.0	BiHVolim	Sarajevo	26	13	
Blagovac_2023.02.05.jpg	https://commons.wikimedia.org/wiki/File:Blagovac,_2023.02.05.jpg	CC BY-SA 4.0	https://creativecommons.org/licenses/by-sa/4.0	Niegodzisie		2	0	
Зеница_20180620_052938.jpg	https://commons.wikimedia.org/wiki/File:%D0%97%D0%B5%D0%BD%D0%B8%D1%86%D0%B0_20180620_052938.jpg	CC BY-SA 4.0	https://creativecommons.org/licenses/by-sa/4.0	Obsuser		2	0	
Podgreda_ruins_01.jpg	https://commons.wikimedia.org/wiki/File:Podgreda_%E2%80%93_ruins_01.jpg	CC BY-SA 4.0	https://creativecommons.org/licenses/by-sa/4.0	Julian Nyča		2	0	
Zečija_Glava_124147.jpg	https://commons.wikimedia.org/wiki/File:Ze%C4%8Dija_Glava_124147.jpg	CC BY-SA 4.0	https://creativecommons.org/licenses/by-sa/4.0	Niegodzisie		2	1	
Gašnica_Gradiška_.jpg	https://commons.wikimedia.org/wiki/File:Ga%C5%A1nica_(Gradi%C5%A1ka).jpg	CC BY-SA 4.0	https://creativecommons.org/licenses/by-sa/4.0	Petar Milošević		2	1	
Зеница_20230104_125412.jpg	https://commons.wikimedia.org/wiki/File:%D0%97%D0%B5%D0%BD%D0%B8%D1%86%D0%B0_20230104_125412.jpg	CC BY-SA 4.0	https://creativecommons.org/licenses/by-sa/4.0	Ioacc1234red		2	0	
Sarajevo_Lozionicka_2011-11-04.jpg	https://commons.wikimedia.org/wiki/File:Sarajevo_Lozionicka_2011-11-04.jpg	CC BY-SA 4.0	https://creativecommons.org/licenses/by-sa/4.0	Milan Suvajac	Sarajevo	5	0	
Зеница_20190827_113553.jpg	https://commons.wikimedia.org/wiki/File:%D0%97%D0%B5%D0%BD%D0%B8%D1%86%D0%B0_20190827_113553.jpg	CC BY-SA 4.0	https://creativecommons.org/licenses/by-sa/4.0	Obsuser		2	2	
Banja_Luka_April_2011_5645905076_.jpg	https://commons.wikimedia.org/wiki/File:Banja_Luka_April_2011_(5645905076).jpg	CC BY-SA 2.0	https://creativecommons.org/licenses/by-sa/2.0	David Bailey from Laktasi, Bosnia and Herzegovina	Banja Luka	11	1	
Kovaci_06.jpg	https://commons.wikimedia.org/wiki/File:Kovaci_06.jpg	CC BY-SA 4.0	https://creativecommons.org/licenses/by-sa/4.0	11sasapus11	Sarajevo	4	1	
ВакуфскаПалата0066.jpg	https://commons.wikimedia.org/wiki/File:%D0%92%D0%B0%D0%BA%D1%83%D1%84%D1%81%D0%BA%D0%B0%D0%9F%D0%B0%D0%BB%D0%B0%D1%82%D0%B00066.jpg	CC BY-SA 4.0	https://creativecommons.org/licenses/by-sa/4.0	Слободни умјетник	Banja Luka	6	1	
Зеница_20190713_130757.jpg	https://commons.wikimedia.org/wiki/File:%D0%97%D0%B5%D0%BD%D0%B8%D1%86%D0%B0_20190713_130757.jpg	CC BY-SA 4.0	https://creativecommons.org/licenses/by-sa/4.0	Obsuser		6	0	
Blizu_Dugih_njiva.JPG	https://commons.wikimedia.org/wiki/File:Blizu_Dugih_njiva.JPG	CC BY-SA 3.0	https://creativecommons.org/licenses/by-sa/3.0	Milijana Pavlović		3	0	
Зеница_20190810_164834.jpg	https://commons.wikimedia.org/wiki/File:%D0%97%D0%B5%D0%BD%D0%B8%D1%86%D0%B0_20190810_164834.jpg	CC BY-SA 4.0	https://creativecommons.org/licenses/by-sa/4.0	Obsuser	Zenica	2	0	
Kaursko_groblje_03.jpg	https://commons.wikimedia.org/wiki/File:Kaursko_groblje_03.jpg	CC BY-SA 3.0	https://creativecommons.org/licenses/by-sa/3.0	Julian Nyča		5	0	
Mine_Zabranjen_prolaz_20221102_121214_.jpg	https://commons.wikimedia.org/wiki/File:Mine!_Zabranjen_prolaz!_(20221102_121214).jpg	CC BY-SA 4.0	https://creativecommons.org/licenses/by-sa/4.0	P4K1T0		8	0	
Tuzla_-_Advertising_column_in_front_of_the_theater_2019_.jpg	https://commons.wikimedia.org/wiki/File:Tuzla_-_Advertising_column_in_front_of_the_theater_(2019).jpg	CC BY-SA 4.0	https://creativecommons.org/licenses/by-sa/4.0	Sebleouf	Tuzla	7	1	
Franjevci_na_Bistriku_Sarajevo_11.jpg	https://commons.wikimedia.org/wiki/File:Franjevci_na_Bistriku,_Sarajevo_11.jpg	CC BY-SA 4.0	https://creativecommons.org/licenses/by-sa/4.0	Aleksandra Đuričić	Sarajevo	11	0	
Groblje_Grahovčići09753.JPG	https://commons.wikimedia.org/wiki/File:Groblje_Grahov%C4%8Di%C4%87i09753.JPG	CC BY-SA 3.0	https://creativecommons.org/licenses/by-sa/3.0	Quahadi Añtó 09:04, 15 April 2010 (UTC)	Travnik	2	0	
Зеница_20190810_165114.jpg	https://commons.wikimedia.org/wiki/File:%D0%97%D0%B5%D0%BD%D0%B8%D1%86%D0%B0_20190810_165114.jpg	CC BY-SA 4.0	https://creativecommons.org/licenses/by-sa/4.0	Obsuser	Zenica	5	1	
Зеница_20180626_142715.jpg	https://commons.wikimedia.org/wiki/File:%D0%97%D0%B5%D0%BD%D0%B8%D1%86%D0%B0_20180626_142715.jpg	Public domain		Obsuser	Zenica	6	0	
Mepas_Mall_Mostar_September_2024.jpg	https://commons.wikimedia.org/wiki/File:Mepas_Mall_Mostar,_September_2024.jpg	CC0	http://creativecommons.org/publicdomain/zero/1.0/deed.en	Bdx	Mostar	2	0	
Tuzla_-_Patriotske_Lige_n_5_2019_.jpg	https://commons.wikimedia.org/wiki/File:Tuzla_-_Patriotske_Lige_n%C2%B05_(2019).jpg	CC BY-SA 4.0	https://creativecommons.org/licenses/by-sa/4.0	Sebleouf	Tuzla	4	0	
Путоказ_ГП_Јазавац_и_СД_Обилићево.jpg	https://commons.wikimedia.org/wiki/File:%D0%9F%D1%83%D1%82%D0%BE%D0%BA%D0%B0%D0%B7_%D0%93%D0%9F_%D0%88%D0%B0%D0%B7%D0%B0%D0%B2%D0%B0%D1%86_%D0%B8_%D0%A1%D0%94_%D0%9E%D0%B1%D0%B8%D0%BB%D0%B8%D1%9B%D0%B5%D0%B2%D0%BE.jpg	CC BY-SA 4.0	https://creativecommons.org/licenses/by-sa/4.0	Rade Nagraisalović	Banja Luka	2	2	
Bosnien_3934_5552933894_.jpg	https://commons.wikimedia.org/wiki/File:Bosnien_3934_(5552933894).jpg	CC BY-SA 2.0	https://creativecommons.org/licenses/by-sa/2.0	sbamueller	Sarajevo	4	1	
Travnik_0488.jpg	https://commons.wikimedia.org/wiki/File:Travnik_0488.jpg	CC BY-SA 3.0	https://creativecommons.org/licenses/by-sa/3.0	Krešimir Bikić	Travnik	3	0	
Црвена_јабука_Бања_Лука.jpg	https://commons.wikimedia.org/wiki/File:%D0%A6%D1%80%D0%B2%D0%B5%D0%BD%D0%B0_%D1%98%D0%B0%D0%B1%D1%83%D0%BA%D0%B0_%D0%91%D0%B0%D1%9A%D0%B0_%D0%9B%D1%83%D0%BA%D0%B0.jpg	CC BY-SA 4.0	https://creativecommons.org/licenses/by-sa/4.0	Rade Nagraisalović	Banja Luka	2	0	
Mostar_Bosnia_and_Herzegovina_2022-08_-_Mepas_Mall.jpg	https://commons.wikimedia.org/wiki/File:Mostar,_Bosnia_and_Herzegovina_2022-08_-_Mepas_Mall.jpg	CC BY 2.0	https://creativecommons.org/licenses/by/2.0	Sharon Hahn Darlin	Mostar	2	0	
Sarajevo_Stojimo_uz_Ukrajinu.jpg	https://commons.wikimedia.org/wiki/File:Sarajevo,_Stojimo_uz_Ukrajinu.jpg	CC BY-SA 4.0	https://creativecommons.org/licenses/by-sa/4.0	Niegodzisie	Sarajevo	18	0	
Зеница_20190810_164049.jpg	https://commons.wikimedia.org/wiki/File:%D0%97%D0%B5%D0%BD%D0%B8%D1%86%D0%B0_20190810_164049.jpg	CC BY-SA 4.0	https://creativecommons.org/licenses/by-sa/4.0	Obsuser	Zenica	2	0	
Sarajevo_Visit_6097107095_.jpg	https://commons.wikimedia.org/wiki/File:Sarajevo_Visit_(6097107095).jpg	CC BY-SA 2.0	https://creativecommons.org/licenses/by-sa/2.0	David Bailey from Laktasi, Bosnia and Herzegovina	Sarajevo	7	2	
Džemaludin_Čaušević_Bihać.jpg	https://commons.wikimedia.org/wiki/File:D%C5%BEemaludin_%C4%8Cau%C5%A1evi%C4%87_Biha%C4%87.jpg	CC BY 3.0	https://creativecommons.org/licenses/by/3.0	Vrtleška225	Bihać	3	0	
Hrastova_glava_Mine_01.jpg	https://commons.wikimedia.org/wiki/File:Hrastova_glava_Mine_01.jpg	CC BY-SA 3.0	https://creativecommons.org/licenses/by-sa/3.0	Julian Nyča		3	0	
Radmilja_2.jpg	https://commons.wikimedia.org/wiki/File:Radmilja_2.jpg	CC BY-SA 3.0	https://creativecommons.org/licenses/by-sa/3.0	Bizutage		2	0	
Banja_Luka_April_2011_5645333731_.jpg	https://commons.wikimedia.org/wiki/File:Banja_Luka_April_2011_(5645333731).jpg	CC BY-SA 2.0	https://creativecommons.org/licenses/by-sa/2.0	David Bailey from Laktasi, Bosnia and Herzegovina	Banja Luka	2	0	
Лонџа_Зеница_20180625_184549.jpg	https://commons.wikimedia.org/wiki/File:%D0%9B%D0%BE%D0%BD%D1%9F%D0%B0_%D0%97%D0%B5%D0%BD%D0%B8%D1%86%D0%B0_20180625_184549.jpg	CC BY-SA 4.0	https://creativecommons.org/licenses/by-sa/4.0	Obsuser	Zenica	3	0	
Бања_Лука-градови_партнери.jpg	https://commons.wikimedia.org/wiki/File:%D0%91%D0%B0%D1%9A%D0%B0_%D0%9B%D1%83%D0%BA%D0%B0-%D0%B3%D1%80%D0%B0%D0%B4%D0%BE%D0%B2%D0%B8_%D0%BF%D0%B0%D1%80%D1%82%D0%BD%D0%B5%D1%80%D0%B8.jpg	CC BY-SA 3.0	https://creativecommons.org/licenses/by-sa/3.0	Rade Nagraisalović	Banja Luka	20	0	
Господска_улица_12.jpg	https://commons.wikimedia.org/wiki/File:%D0%93%D0%BE%D1%81%D0%BF%D0%BE%D0%B4%D1%81%D0%BA%D0%B0_%D1%83%D0%BB%D0%B8%D1%86%D0%B0_12.jpg	CC BY-SA 4.0	https://creativecommons.org/licenses/by-sa/4.0	Saša Knežić		3	0	
Bobovac_city_plan_official_document_.jpg	https://commons.wikimedia.org/wiki/File:Bobovac_city_plan_(official_document).jpg	CC BY-SA 4.0	https://creativecommons.org/licenses/by-sa/4.0	AnToni		38	4	
Tuzla_-_Pannonian_Lakes_11_2019_.jpg	https://commons.wikimedia.org/wiki/File:Tuzla_-_Pannonian_Lakes_11_(2019).jpg	CC BY-SA 4.0	https://creativecommons.org/licenses/by-sa/4.0	Sebleouf	Tuzla	2	2	
Tuzla_-_Pannonian_Lakes_9_2019_.jpg	https://commons.wikimedia.org/wiki/File:Tuzla_-_Pannonian_Lakes_9_(2019).jpg	CC BY-SA 4.0	https://creativecommons.org/licenses/by-sa/4.0	Sebleouf	Tuzla	7	2	
Зеница_20190719_092730.jpg	https://commons.wikimedia.org/wiki/File:%D0%97%D0%B5%D0%BD%D0%B8%D1%86%D0%B0_20190719_092730.jpg	CC BY-SA 4.0	https://creativecommons.org/licenses/by-sa/4.0	Obsuser		5	1	
Trash_bin_in_Sarajevo.jpg	https://commons.wikimedia.org/wiki/File:Trash_bin_in_Sarajevo.jpg	CC BY-SA 3.0	https://creativecommons.org/licenses/by-sa/3.0	Smooth_O ( talk · contribs )	Sarajevo	2	0	
Belgrade_Yugoslavia_1973_-_newly_installed_parking_meters.jpg	https://commons.wikimedia.org/wiki/File:Belgrade,_Yugoslavia,_1973_-_newly_installed_parking_meters.jpg	Public domain		Yoichi Okamoto		3	0	
Зеница_20180623_175420.jpg	https://commons.wikimedia.org/wiki/File:%D0%97%D0%B5%D0%BD%D0%B8%D1%86%D0%B0_20180623_175420.jpg	CC BY-SA 4.0	https://creativecommons.org/licenses/by-sa/4.0	Obsuser		2	0	
Banjaluka_2024.jpg	https://commons.wikimedia.org/wiki/File:Banjaluka_2024.jpg	CC BY-SA 4.0	https://creativecommons.org/licenses/by-sa/4.0	TamaraV00		2	0	
Tuzla_Airport_Passport_Control.jpg	https://commons.wikimedia.org/wiki/File:Tuzla_Airport_Passport_Control.jpg	CC BY-SA 3.0	http://creativecommons.org/licenses/by-sa/3.0/	No machine-readable author provided. Kseferovic assumed (based on copyright claims).	Tuzla	4	0	
Hastahana_02.jpg	https://commons.wikimedia.org/wiki/File:Hastahana_02.jpg	CC BY-SA 4.0	https://creativecommons.org/licenses/by-sa/4.0	Smooth O		3	0	
Vuksic_Ortstafel.png	https://commons.wikimedia.org/wiki/File:Vuksic_Ortstafel.png	CC BY-SA 4.0	https://creativecommons.org/licenses/by-sa/4.0	Vuksic1996		2	2	
Political_correctness_in_Bosnia_14151146675_.jpg	https://commons.wikimedia.org/wiki/File:Political_correctness_in_Bosnia_(14151146675).jpg	CC BY 2.0	https://creativecommons.org/licenses/by/2.0	Michał Huniewicz		19	4	
Not_Wet_Bosnia_3801779595_.jpg	https://commons.wikimedia.org/wiki/File:Not_Wet,_Bosnia_(3801779595).jpg	CC BY-SA 2.0	https://creativecommons.org/licenses/by-sa/2.0	Peretz Partensky from San Francisco, USA		2	0	
M16_Bosnien-Herzegowina_.jpg	https://commons.wikimedia.org/wiki/File:M16_(Bosnien-Herzegowina).jpg	CC BY-SA 4.0	https://creativecommons.org/licenses/by-sa/4.0	LAV02		6	1	
Repúblika_Srpska_33219967290_.jpg	https://commons.wikimedia.org/wiki/File:Rep%C3%BAblika_Srpska_(33219967290).jpg	CC BY 2.0	https://creativecommons.org/licenses/by/2.0	Javier Leiva from Vic, Barcelona		3	0	
Kuca_porodice_Jovic_Banja_Luka.jpg	https://commons.wikimedia.org/wiki/File:Kuca_porodice_Jovic_Banja_Luka.jpg	CC0	http://creativecommons.org/publicdomain/zero/1.0/deed.en	ArhistefoBL	Banja Luka	3	0	
Photo-tour_Novi_Grad_-_Participants_13.jpg	https://commons.wikimedia.org/wiki/File:Photo-tour_Novi_Grad_-_Participants_13.jpg	CC BY-SA 4.0	https://creativecommons.org/licenses/by-sa/4.0	Bojana Wiki PG		4	0	
Zastava_near_Koševo_stadium_Sarajevo.JPG	https://commons.wikimedia.org/wiki/File:Zastava_near_Ko%C5%A1evo_stadium,_Sarajevo.JPG	CC BY-SA 3.0	https://creativecommons.org/licenses/by-sa/3.0	Pudelek (Marcin Szala)	Sarajevo	2	0	
Зеница_20200323_121205.jpg	https://commons.wikimedia.org/wiki/File:%D0%97%D0%B5%D0%BD%D0%B8%D1%86%D0%B0_20200323_121205.jpg	CC BY-SA 4.0	https://creativecommons.org/licenses/by-sa/4.0	Obsuser		2	2	
Livno_Bosna_i_Hercegovina_obelisk_iz_1925._tekst.jpg	https://commons.wikimedia.org/wiki/File:Livno,_Bosna_i_Hercegovina,_obelisk_iz_1925.,_tekst.jpg	CC BY 3.0	https://creativecommons.org/licenses/by/3.0	Ante Perkovic	Livno	2	0	
Prelovo_13.jpg	https://commons.wikimedia.org/wiki/File:Prelovo_13.jpg	CC BY-SA 4.0	https://creativecommons.org/licenses/by-sa/4.0	Bojana Wiki PG		2	0	
Tuzla_-_Konzum_Patriotske_lige_2019_.jpg	https://commons.wikimedia.org/wiki/File:Tuzla_-_Konzum_Patriotske_lige_(2019).jpg	CC BY-SA 4.0	https://creativecommons.org/licenses/by-sa/4.0	Sebleouf	Tuzla	3	0	
Зеница_20180628_090152.jpg	https://commons.wikimedia.org/wiki/File:%D0%97%D0%B5%D0%BD%D0%B8%D1%86%D0%B0_20180628_090152.jpg	Public domain		Obsuser	Zenica	3	0	
Privalj-raskrižje08631.JPG	https://commons.wikimedia.org/wiki/File:Privalj-raskri%C5%BEje08631.JPG	CC BY-SA 3.0	https://creativecommons.org/licenses/by-sa/3.0	Quahadi		3	1	
Tuzla_-_Derviš_Sušić_Biblioteka_4_2019_.jpg	https://commons.wikimedia.org/wiki/File:Tuzla_-_Dervi%C5%A1_Su%C5%A1i%C4%87_Biblioteka_4_(2019).jpg	CC BY-SA 4.0	https://creativecommons.org/licenses/by-sa/4.0	Sebleouf	Tuzla	4	0	
Зеница_20190719_084931.jpg	https://commons.wikimedia.org/wiki/File:%D0%97%D0%B5%D0%BD%D0%B8%D1%86%D0%B0_20190719_084931.jpg	CC BY-SA 4.0	https://creativecommons.org/licenses/by-sa/4.0	Obsuser	Zenica	3	0	
Зеница_20190810_164314.jpg	https://commons.wikimedia.org/wiki/File:%D0%97%D0%B5%D0%BD%D0%B8%D1%86%D0%B0_20190810_164314.jpg	CC BY-SA 4.0	https://creativecommons.org/licenses/by-sa/4.0	Obsuser	Zenica	3	0	
Добој_парк_зими.jpg	https://commons.wikimedia.org/wiki/File:%D0%94%D0%BE%D0%B1%D0%BE%D1%98,_%D0%BF%D0%B0%D1%80%D0%BA_%D0%B7%D0%B8%D0%BC%D0%B8.jpg	CC BY-SA 4.0	https://creativecommons.org/licenses/by-sa/4.0	Gordanaignjatic		2	1	
Zenica_map.jpg	https://commons.wikimedia.org/wiki/File:Zenica_map.jpg	CC BY 2.0	https://creativecommons.org/licenses/by/2.0	Michelle Walz Eriksson from Amman, Jordan	Zenica	3	0	
Studenci_094844.jpg	https://commons.wikimedia.org/wiki/File:Studenci_094844.jpg	CC BY-SA 4.0	https://creativecommons.org/licenses/by-sa/4.0	Niegodzisie		2	0	
Sarajevo_49090407521_.jpg	https://commons.wikimedia.org/wiki/File:Sarajevo_(49090407521).jpg	CC BY 2.0	https://creativecommons.org/licenses/by/2.0	Fred Romero from Paris, France	Sarajevo	6	0	
Зеница_20180712_220323.jpg	https://commons.wikimedia.org/wiki/File:%D0%97%D0%B5%D0%BD%D0%B8%D1%86%D0%B0_20180712_220323.jpg	CC BY-SA 4.0	https://creativecommons.org/licenses/by-sa/4.0	Obsuser	Zenica	7	0	
Umoljani_nekropole_8.jpg	https://commons.wikimedia.org/wiki/File:Umoljani_%E2%80%93_nekropole_8.jpg	CC BY-SA 3.0	https://creativecommons.org/licenses/by-sa/3.0	Julian Nyča		3	0	
Sarajevo_49090408181_.jpg	https://commons.wikimedia.org/wiki/File:Sarajevo_(49090408181).jpg	CC BY 2.0	https://creativecommons.org/licenses/by/2.0	Fred Romero from Paris, France	Sarajevo	2	1	
Господска_улица_кроз_вријеме.jpg	https://commons.wikimedia.org/wiki/File:%D0%93%D0%BE%D1%81%D0%BF%D0%BE%D0%B4%D1%81%D0%BA%D0%B0_%D1%83%D0%BB%D0%B8%D1%86%D0%B0_%D0%BA%D1%80%D0%BE%D0%B7_%D0%B2%D1%80%D0%B8%D1%98%D0%B5%D0%BC%D0%B5.jpg	CC BY-SA 4.0	https://creativecommons.org/licenses/by-sa/4.0	Саша Кнежић	Banja Luka	6	0	
Kazandziluk_09.jpg	https://commons.wikimedia.org/wiki/File:Kazandziluk_09.jpg	CC BY-SA 4.0	https://creativecommons.org/licenses/by-sa/4.0	11sasapus11	Sarajevo	4	1	
Sarajevo_FR-BER_2011-11-13_9_.jpg	https://commons.wikimedia.org/wiki/File:Sarajevo_FR-BER_2011-11-13_(9).jpg	CC BY-SA 4.0	https://creativecommons.org/licenses/by-sa/4.0	Milan Suvajac	Sarajevo	2	0	
Зеница_20190810_165105.jpg	https://commons.wikimedia.org/wiki/File:%D0%97%D0%B5%D0%BD%D0%B8%D1%86%D0%B0_20190810_165105.jpg	CC BY-SA 4.0	https://creativecommons.org/licenses/by-sa/4.0	Obsuser	Zenica	3	0	
