file	text	confidence
mly_1000110751498959_000.png	kuca	0.85
mly_1003308426968528_000.png	Gornja Kustosii	0.96
mly_1003737988035850_000.png	CITY	0.98
mly_1005462600845475_003.png	Popravci	1.00
mly_1007660293959804_001.png	USEUM	0.99
mly_1016139241427119_003.png	SHOP	0.99
mly_1016311227554887_006.png	bankomat	1.00
mly_1019483285623877_000.png	BAZAR	1.00
mly_1019953531870062_000.png	mala kuhinja	1.00
mly_1025005862470561_001.png	DREAM	1.00
mly_1025005862470561_002.png	BALKANS	0.99
mly_1025005862470561_004.png	TOURIST	1.00
mly_1025005862470561_005.png	INFORMATION	1.00
mly_1025005862470561_006.png	CENTRE	1.00
mly_1025005862470561_008.png	METERS	1.00
mly_1030932475472206_003.png	rana	0.93
mly_1036606274290869_002.png	BESPLATI	0.91
mly_1036606274290869_003.png	KONTROLA	0.98
mly_1039140966613744_003.png	mjesta	1.00
mly_1039152766799552_000.png	GRZELA	0.99
mly_1039317273823375_000.png	Gornji Grad	0.98
mly_1046606653386482_003.png	019kih	0.87
mly_1046606653386482_005.png	UFF	0.85
mly_1048583607442051_002.png	OMPUTERS	1.00
mly_1050203912567339_001.png	UniCred	0.90
mly_1050203912567339_008.png	guma	0.99
mly_1050462270700860_000.png	Travanj	1.00
mly_1052054143041859_002.png	JYSK	0.97
mly_1058110386432365_000.png	MOBITEL	1.00
mly_1059004521696787_000.png	STOP	1.00
mly_1061840607556166_001.png	OFFICE	0.98
mly_1061840607556166_004.png	KING	0.91
mly_1061840607556166_007.png	TOURIST	1.00
mly_1074002663124564_000.png	Centar	1.00
mly_1086676411743176_001.png	CEVA	0.89
mly_1086772018483944_000.png	ALTAZAR	0.93
mly_1086772018483944_003.png	ENI PARTNER	0.99
mly_1088676871655665_001.png	AUTOMATIC DOOR	0.86
mly_1091651041328506_002.png	CAFFE	1.00
mly_1093675804451813_004.png	STOLA	0.91
mly_1098600857298858_000.png	Autocentar N	1.00
mly_1098600857298858_001.png	OSIGURANJE VOZILA	0.90
mly_1098600857298858_002.png	TEHNICKI PREGLED	0.91
mly_1098600857298858_003.png	ZAMJEI	0.90
mly_1098600857298858_004.png	GUMA	1.00
mly_1099581313860141_007.png	CVJECARNICA	0.98
mly_1099581313860141_009.png	"LUCIJA"	0.91
mly_1099581313860141_014.png	STOL	0.98
mly_1104148980075233_000.png	APOTEKA	0.96
mly_1109376283674129_000.png	huc	0.87
mly_1112401646154840_000.png	devet	0.95
mly_1114289959050831_002.png	PECENO	0.98
mly_1116937812108878_001.png	Heineken	1.00
mly_1117874179248547_000.png	emmezeta	0.99
mly_1118422103410331_000.png	BLAU	0.95
mly_1122068942381572_001.png	039kih	0.85
mly_1123200852843129_000.png	NZUM	0.97
mly_1123200852843129_003.png	KONZU	0.92
mly_1123585959428249_001.png	LINE	1.00
mly_1124812798002901_001.png	Cental	0.99
mly_1125046337971327_003.png	BICIKLI	1.00
mly_1125046337971327_005.png	SERVIS	0.95
mly_1125046337971327_006.png	TREK	1.00
mly_1131519965095797_000.png	felicita	0.95
mly_1131613155487890_000.png	DENTE	1.00
mly_1140543706668849_002.png	VILI	0.98
mly_1143989817432852_002.png	Staropramen	0.88
mly_1146970459202606_000.png	RENT	0.99
mly_1147198615706121_002.png	DUBRAVICA	1.00
mly_1147198615706121_003.png	peciy	0.96
mly_1147380635774537_001.png	Guaco	1.00
mly_1150937675378900_000.png	KVL	0.99
mly_115156043968262_000.png	SREBRO	1.00
mly_115156043968262_007.png	OTKUP	0.94
mly_1154631802278187_006.png	WWW.LAFCLUBHR	0.92
mly_1155949341907737_000.png	ELEKTROINSTALACIJE	1.00
mly_1155949341907737_003.png	KLIMATIZACIJE	1.00
mly_1155949341907737_004.png	GRIJANJA	0.91
mly_1155949341907737_005.png	PODNA	1.00
mly_1164247920689381_001.png	Mobilno	0.91
mly_1165569055257230_000.png	Gym	0.96
mly_1167068243722399_000.png	TACO	0.99
mly_1171411220220094_003.png	Jana	0.99
mly_1171629840203210_004.png	VILLA	0.90
mly_1172523883220258_000.png	APOTEKA	0.98
mly_1173812849750643_000.png	Purex	1.00
mly_1173812849750643_007.png	PUR GERI	0.95
mly_1175555673843519_000.png	Centar	1.00
mly_1176340573200545_000.png	Gavranovic	1.00
mly_1187459611696886_001.png	Apoteka	0.99
mly_1193529557741798_000.png	BIPA	0.97
mly_1200888264560686_000.png	FRANC	1.00
mly_1202174407870788_002.png	MGA	0.86
mly_1202174407870788_010.png	MGA	0.99
mly_120371023965807_015.png	Scope	0.93
mly_1204016490370038_000.png	Helnel	0.86
mly_1204038930105069_000.png	AJSA	0.99
mly_1204398649998137_002.png	Bers	0.99
mly_1205228696602468_000.png	BESPLATNO STROJNO	0.98
mly_1205228696602468_001.png	NIJANSIRANJE BOJA	0.89
mly_1205228696602468_008.png	BONDEX	0.91
mly_1216449245980205_000.png	KONZUN	0.99
mly_1216449245980205_002.png	KFC	1.00
mly_1221564501708198_000.png	COPYSERVIS	0.99
mly_1224183568344759_000.png	ERSTE	0.89
mly_1230802304223128_000.png	CASINO	0.93
mly_1231208481016260_005.png	Bau	0.90
mly_1237124520090904_000.png	AJSA	1.00
mly_1244894593202964_000.png	ROATIA AIRLINES	0.95
mly_1253230028673995_000.png	national	1.00
mly_1253622935412043_002.png	NAJE	1.00
mly_1253622935412043_003.png	IMO	0.89
mly_1255439601539141_001.png	VIDEO	0.91
mly_1258633588119791_014.png	ANIKA	0.86
mly_1273127980959914_002.png	STORE	0.89
mly_1273707434865980_000.png	ce puno	0.92
mly_128415619838316_002.png	Pellegrino	1.00
mly_128415619838316_003.png	AUTOPREVOZ-BUS	0.86
mly_1285776121832372_001.png	Bolnica	1.00
mly_1287893256070135_001.png	TAXI	0.98
mly_1295866362637930_000.png	ADMIRAL	0.99
mly_1298470633902258_001.png	DRVA	1.00
mly_1302300597869829_000.png	PROSTOR	0.99
mly_1310723579459856_000.png	ŽELIM	0.99
mly_1310723579459856_001.png	ŽELIM	1.00
mly_1313468680465868_003.png	KEMIJSKA	1.00
mly_1323357011494025_001.png	DAN	0.99
mly_1323357011494025_004.png	KFC	1.00
mly_132382208933419_000.png	ALDEN	0.98
mly_132958899415848_003.png	NKD	0.85
mly_1336006107416854_000.png	ROTA	0.97
mly_133680912043871_000.png	TOP	0.88
mly_1339689234257424_000.png	MaxMara	1.00
mly_1345261739284387_000.png	SRETAN	0.88
mly_1353163095068647_001.png	JUHANPROMET	0.88
mly_135645031920331_000.png	IOBACCO	0.97
mly_1357501362803944_001.png	ULICA	1.00
mly_1358970087835985_001.png	Jeep	0.99
mly_1360700727631125_002.png	MJENJACNICA	0.96
mly_1360700727631125_003.png	bere	0.92
mly_1360700727631125_004.png	EXCHANGE	0.90
mly_1363763605519779_000.png	Uvk uz	0.86
mly_1366172040428466_000.png	Sarajevo	0.93
mly_1378559354148837_000.png	CORNARO	0.89
mly_138106941701682_000.png	TOKIQ Sigurnost u pokretu	0.86
mly_1385261865173715_001.png	Gebrüder Weiss	0.94
mly_138539765420250_004.png	BIGGER	0.96
mly_1392429341815692_000.png	ance	1.00
mly_1395998417444335_003.png	INJAK	0.97
mly_1399740883737389_001.png	Ziel	1.00
mly_1399740883737389_002.png	Rabljena !	0.87
mly_140070632469344_007.png	Jana	1.00
mly_1405246368087267_002.png	Sustipan	1.00
mly_1405246368087267_007.png	CARBONATED	1.00
mly_1408543796145242_001.png	gorenje	0.93
mly_1411014045899682_000.png	[ZALA	0.94
mly_1414989648987643_002.png	Miele	1.00
mly_141742941272649_001.png	ALMIRA	1.00
mly_142322854524640_000.png	STELLA	1.00
mly_142322854524640_002.png	ARTOIS	0.96
mly_1430952011284798_000.png	MOBITEL	1.00
mly_143139707827330_003.png	ZANZI	0.99
mly_1441034223409376_000.png	Utrina	1.00
mly_145005510976250_001.png	na 3000 m2	0.97
mly_145421174222975_005.png	MEPAM	0.92
mly_1456824496183603_002.png	Irs	0.97
mly_145707597536835_001.png	HIPERMARKET	1.00
mly_145707597536835_002.png	Bingo	1.00
mly_145717844737235_001.png	Augusta Harambašiéa	0.90
mly_1463501120998741_002.png	utoservis	0.86
mly_146657971309960_000.png	[Gornja	0.88
mly_146657971309960_004.png	Kustosija	0.95
mly_1472480543664757_000.png	emmezeta	1.00
mly_1472480543664757_005.png	MERKURY	1.00
mly_1472480543664757_006.png	emmezeta	1.00
mly_1478924992750450_002.png	Addiko Bc	0.99
mly_1478924992750450_005.png	URAR	1.00
mly_1480053915665069_002.png	KONZUM	0.87
mly_1483927609748115_000.png	AIM	0.86
mly_150614070348453_001.png	Zag	0.99
mly_150614070348453_002.png	Cer	0.99
mly_1509815791189515_000.png	Prehrana	0.89
mly_1511181473966119_002.png	PIVNICA	0.97
mly_1515834096918579_000.png	Imerkur	0.90
mly_1534025710136694_002.png	VRANAC	1.00
mly_1546550642627100_001.png	EKS	0.91
mly_154926259923632_002.png	Sava	0.99
mly_1556388888645491_000.png	Tra	0.92
mly_1558507645762155_001.png	Sustipan	0.97
mly_1565479148426502_000.png	PRI	1.00
mly_1565479148426502_001.png	Money	0.99
mly_1565479148426502_002.png	Exchange	0.97
mly_1570652766879318_000.png	KRVI	0.89
mly_1573605383694209_007.png	lebe	0.93
mly_158742986183045_001.png	epo	0.95
mly_1588048409663568_003.png	Next day service	0.97
mly_1588048409663568_006.png	DROP	1.00
mly_1588048409663568_007.png	LAUNDRY	0.99
mly_1589355592150210_000.png	ARMY	1.00
mly_159152006222122_001.png	supermarket	0.93
mly_159152006222122_003.png	komerc	1.00
mly_1602981993425004_000.png	AQUAESTIL	0.93
mly_1603157619880109_001.png	najbolje za gradnju	0.93
mly_1603157619880109_002.png	SECURITAS	0.94
mly_160509076026888_000.png	PLINA	0.96
mly_1617423859539567_003.png	TRIPS -	0.88
mly_161994192473150_001.png	OND	0.92
mly_163765646120498_002.png	satovi	0.91
mly_163799372219903_000.png	PANDORA	0.95
mly_1641204149405973_003.png	Traje	1.00
mly_1645430479395999_000.png	Karlovacko	0.95
mly_1648429132024858_000.png	DPD	1.00
mly_1648429132024858_001.png	Paketna Dostava	0.93
mly_1648528392356134_010.png	Reljevo	0.93
mly_1650676649558558_000.png	Tai	0.92
mly_1652975041576559_000.png	TRON	0.88
mly_1662456981234828_007.png	Tonus	0.95
mly_1662499493960990_000.png	ŠKOLA	1.00
mly_1664867750369027_003.png	BOBIS	0.99
mly_1666695514746398_002.png	cast	0.89
mly_167043598653369_000.png	Coloseum Club	0.96
mly_1671718436541977_003.png	KFC	1.00
mly_1671718436541977_009.png	KONZUM	1.00
mly_1671920326827824_000.png	omlinar	0.98
mly_1675660546592518_007.png	COLOR	0.95
mly_1675660546592518_009.png	UVEZI	0.91
mly_167638868622686_003.png	GIARHIV	0.89
mly_1677482016426392_002.png	našoj prirodi	0.97
mly_1680413796075275_000.png	PROSTOR	0.99
mly_1682844922871526_001.png	ptotim	1.00
mly_168393921878013_000.png	uregdzinica	0.97
mly_1697583477949567_000.png	ZAVRTNICA	0.91
mly_169802928363626_003.png	Jura	0.87
mly_169802928363626_006.png	POPRAVCI	0.99
mly_169802928363626_007.png	ODJECE	0.95
mly_1701017580703403_000.png	Charlie Chaplin	0.92
mly_170154178713472_000.png	Postolar	0.91
mly_1702225250199693_005.png	UFF	0.99
mly_170656888298768_001.png	mach	1.00
mly_170951304930127_000.png	GABELINA	0.99
mly_171115394896025_001.png	KIDS	0.97
mly_1712897922583648_000.png	STOP	0.89
mly_171675139157241_000.png	EKOPLUS	0.99
mly_172499648163070_000.png	CENTAR	0.98
mly_1730027787513255_006.png	BLACRUUE	0.91
mly_1734169767726016_000.png	service	0.96
mly_1736843497315891_004.png	TVOJA |	0.91
mly_1742229973798381_000.png	CORNARO	0.91
mly_174237174578184_003.png	Looro	0.97
mly_1752206342462595_000.png	ORNAR	0.95
mly_175614757795804_003.png	nove	0.87
mly_175614757795804_005.png	Banka	1.00
mly_176291577739901_000.png	brc	1.00
mly_1764504597342293_000.png	Auto	0.96
mly_177289077610973_000.png	MESARA	0.85
mly_1791157017980792_000.png	STOP	0.99
mly_179644193939498_000.png	VFC	0.99
mly_180336167318653_001.png	MTB CITY ROAD	0.97
mly_180957080574185_009.png	Sava	1.00
mly_1811267519034686_000.png	Miele	1.00
mly_181175550523796_002.png	banka	1.00
mly_1815330915959858_003.png	Stars	1.00
mly_181646000540111_000.png	KAOS	0.91
mly_1820352538141606_008.png	KEE	0.94
mly_1820352538141606_009.png	CAU	0.94
mly_182991063763415_001.png	emmezeta	1.00
mly_1829930027710461_001.png	Baj	1.00
mly_1846678425510654_002.png	PACIFIK	1.00
mly_185152866800684_001.png	Nana	1.00
mly_1851744391662287_000.png	PEKARA	1.00
mly_1852834115402315_001.png	INSTALACIJE	0.96
mly_1856141931244243_000.png	HUJKA	0.93
mly_187532089891749_000.png	BUREGDZINICA	0.94
mly_1903647386941850_001.png	IZLAZ	0.99
mly_1903731286984156_000.png	ebe	0.91
mly_191965706161695_003.png	HOTEL	1.00
mly_192401532715785_005.png	ONA	1.00
mly_1933365350146395_000.png	marker	0.90
mly_193885489254665_001.png	SRC Salata	0.94
mly_194169392434384_005.png	PIZZA	0.89
mly_1952842748409455_001.png	Ne zabora	1.00
mly_1960485614547465_000.png	Consul	0.99
mly_1969465086989673_000.png	Gis	1.00
mly_197657748857089_003.png	Donalas	0.88
mly_1991040421064923_001.png	OML	0.85
mly_1992348650922049_004.png	Sajmište	0.97
mly_1992348650922049_006.png	Smetovi	1.00
mly_1992348650922049_007.png	Muzej grada	0.88
mly_200557898352900_001.png	KDS	0.99
mly_2012258149230174_001.png	CITY	0.93
mly_2015535845978197_000.png	tarna	0.95
mly_2019720408192398_002.png	OTKUP	1.00
mly_202183154912843_000.png	HOTEL	1.00
mly_2035498460339698_000.png	AUTO PRO	0.89
mly_2050256339255712_000.png	Travanj	0.99
mly_2074724603400524_000.png	CED	0.91
mly_2075158216377845_000.png	Centa	0.97
mly_2099418780655690_000.png	Bolt	1.00
mly_212591590416013_001.png	UPIS	0.99
mly_212591590416013_002.png	TOKU	0.90
mly_213006823610060_001.png	OIL	0.97
mly_213092020622304_008.png	lexy	0.87
mly_2131266160767016_000.png	PRI	0.98
mly_213389070214750_002.png	(KIOSK+)	0.98
mly_214971850065136_001.png	Mstra	0.96
mly_2151608262014996_001.png	MaxMara	1.00
mly_2151608262014996_002.png	MaxMara	0.92
mly_2163051747865413_000.png	BOBTS	0.93
mly_2163051747865413_001.png	Travanj	1.00
mly_216610253228943_000.png	LagermaX	0.89
mly_216970154400072_000.png	ternational	0.96
mly_2187493575511131_000.png	ATM	1.00
mly_219782426377077_001.png	(STOP	0.85
mly_219951289461485_001.png	nude	0.99
mly_220620733198835_001.png	AUTOPRAONA	0.95
mly_221355652796990_002.png	LEhouse	1.00
mly_221355652796990_005.png	cond hand	1.00
mly_222142302635126_004.png	PECENO	0.99
mly_225733922256819_001.png	Jahorina	0.99
mly_225733922256819_004.png	Lukavica	0.89
mly_225733922256819_005.png	Pale	1.00
mly_2259980604417805_003.png	SUPERDRY	1.00
mly_227778522440493_000.png	KIDS	1.00
mly_228190596549901_000.png	SKOLA	0.89
mly_2288846057991317_001.png	CITY	0.99
mly_2319504001844144_002.png	MAGNET	1.00
mly_233212535257408_001.png	BANK	1.00
mly_2340334529651296_000.png	ema	0.98
mly_2355326131523962_000.png	Cro	0.88
mly_2355326131523962_001.png	Club	0.99
mly_2387052211487088_001.png	PIN	1.00
mly_245542750649489_000.png	MESNICA	1.00
mly_245542750649489_002.png	MESNICA	0.97
mly_24560808486844741_000.png	ance	0.96
mly_24591864473775066_000.png	dollar	1.00
mly_24591864473775066_002.png	dollar	0.96
mly_248822304025608_001.png	Cetin	1.00
mly_252946094398477_000.png	Dubrava	0.96
mly_252946094398477_001.png	Sesvete	1.00
mly_253751179830852_000.png	marketi	0.97
mly_256883332851290_002.png	POŠTANSI	0.97
mly_2569885433315139_000.png	PRESELILI	0.99
mly_2569885433315139_001.png	U NOVI	0.99
mly_2569885433315139_003.png	CENTAR KVATERNIK PL	1.00
mly_2571203239996920_000.png	RITAM	0.99
mly_2571203239996920_002.png	Ijeta	0.99
mly_258445705981916_000.png	MARCAIN	1.00
mly_2605001033126353_000.png	Skolska	0.99
mly_2605001033126353_001.png	Datrola	0.85
mly_262037662001775_001.png	Market	1.00
mly_2626790927621022_001.png	Super	1.00
mly_26347527551583476_002.png	ana	1.00
mly_26718511997780947_000.png	PRIMA	0.92
mly_268679946157659_002.png	PECENO	0.98
mly_2702264630146643_001.png	OPT	0.87
mly_2702264630146643_002.png	telema	0.99
mly_2747824065509396_000.png	BABOS	0.88
mly_274933860901654_000.png	Baumit	0.88
mly_275310798537721_000.png	Zagr	0.86
mly_281003140352799_001.png	Uka	1.00
mly_281003140352799_002.png	pandd	0.89
mly_2837494289958949_000.png	Osim	1.00
mly_283943657758017_000.png	Centar	1.00
mly_284599753341148_000.png	banka	1.00
mly_2858861724368152_004.png	CEV	0.98
mly_2859357107612670_002.png	GARAŽA - ULAZ	0.91
mly_2860575980872815_004.png	kvalitete	0.99
mly_2860575980872815_008.png	SATA	0.98
mly_2863725907177859_003.png	ROPOLIS	0.99
mly_2870046349918735_000.png	Aulo	0.99
mly_287038693058598_001.png	KONZUM	1.00
mly_2871377233100497_003.png	PAPIR	0.94
mly_2871776109736051_003.png	dve	1.00
mly_2878222542570001_001.png	EUROMR	1.00
mly_2878222542570001_003.png	Mob:	0.93
mly_2884490335195977_001.png	KFC	0.86
mly_2889129827995611_000.png	SCC	1.00
mly_2890035827937153_008.png	RETO	0.99
mly_2890035827937153_009.png	CENTAR	0.98
mly_289468212897586_000.png	ance	0.96
mly_290278485766309_001.png	guma	0.98
mly_2903907446573743_002.png	NKD	0.97
mly_290599592614428_001.png	Mostar	1.00
mly_290599592614428_003.png	Hrasno	0.99
mly_290599592614428_004.png	Tuzla	1.00
mly_2932975996992168_004.png	cLean	0.85
mly_293660262328323_000.png	KONCAR	0.96
mly_294028455392055_002.png	supermarket	1.00
mly_294028455392055_004.png	Komerc	0.85
mly_294855155440092_000.png	IICA	0.89
mly_294855155440092_003.png	Umbrella	0.94
mly_2949882761825957_000.png	MESNICA	0.99
mly_295289342043150_000.png	BANKOMAT	1.00
mly_295826778830428_003.png	vieruju	0.94
mly_295916168837443_000.png	SFRVIS	0.89
mly_297049898760094_002.png	KVALIFICIRAJ	0.98
mly_297218785449730_001.png	Samo najbolje	1.00
mly_297218785449730_002.png	Al najbolja mobilna	0.85
mly_297402268518477_000.png	PROCULIN	0.98
mly_297718971977988_000.png	Djecji	0.98
mly_297718971977988_002.png	vrtic	1.00
mly_297718971977988_003.png	DVORAC"	0.97
mly_298466468439812_000.png	KONZUM	1.00
mly_2987023961520720_003.png	nenny	1.00
mly_2987023961520720_006.png	cafie	0.86
mly_298909565036796_001.png	BRCKANJE	0.98
mly_299596678433272_003.png	Tuzla	1.00
mly_299596678433272_004.png	Sepetari	1.00
mly_299816838450325_001.png	MITEX	1.00
mly_3008157722764826_001.png	FOTO CVF	0.93
mly_300900955012455_002.png	REFRESHING	1.00
mly_300979944858227_000.png	ZELENA	0.97
mly_301390698205909_000.png	EGA	0.99
mly_303393514594587_001.png	guma	0.95
mly_306058598390452_000.png	Dominos Pizza	1.00
mly_306355221067854_000.png	Terrano	0.94
mly_308179817550411_000.png	Servis	0.95
mly_308859700628847_000.png	MARCAIN	0.98
mly_3094609714014514_000.png	ROX	0.94
mly_312575083783123_001.png	DONER	0.86
mly_3141383549505431_000.png	CASI	0.99
mly_316403073273232_000.png	Aur	0.99
mly_318570689628653_002.png	mlinar	0.92
mly_318570689628653_006.png	POSTANS	0.99
mly_319457089551337_000.png	25 EUROHERC	0.98
mly_3194621384171295_000.png	Prin	1.00
mly_319669706183259_000.png	Bunjo	1.00
mly_321570603540681_001.png	Bolnica	0.99
mly_321570603540681_002.png	Stadion	0.89
mly_323831745823448_001.png	mac.	1.00
mly_324186552586598_000.png	CAFFE & PIZZERIA	0.96
mly_324294875786444_003.png	ivaš dom	0.99
mly_324294875786444_005.png	TEZOVE	0.86
mly_324616569005857_015.png	ULAz	0.95
mly_324616569005857_020.png	ALU nosic	0.88
mly_325531785609963_004.png	FULDA	1.00
mly_325531785609963_005.png	Sava	1.00
mly_325732419574875_000.png	COPYSERVIS	0.99
mly_3268383573445895_000.png	Prehran	0.98
mly_327030988753599_001.png	TEZO	0.85
mly_329115758574710_002.png	WESTPORT	1.00
mly_329115758574710_005.png	BANKA	0.98
mly_335354514624245_003.png	WESTPORT	0.98
mly_3380203322132968_001.png	Opti	1.00
mly_339388358519297_000.png	City Star	0.94
mly_346259140234232_000.png	ZA VOZILA	0.97
mly_346259140234232_003.png	TŽl - GREDELJ	0.87
mly_3476780572480895_000.png	SPORTSK	0.89
mly_3499698373464940_005.png	agens	1.00
mly_3509651509135927_000.png	BROJLER	0.89
mly_351554791226558_000.png	Lutrija	0.98
mly_352205310869032_000.png	dntonija	0.85
mly_352429054146230_000.png	LJEKARN	0.94
mly_3548485465251933_000.png	LEGA	0.93
mly_357211519308288_001.png	alta	0.87
mly_357470700255010_002.png	OPTIKA CURIN	0.99
mly_3580008648794671_001.png	IMIKA	0.99
mly_3580008648794671_005.png	Poliklinika	0.95
mly_359583293864299_000.png	MAR	1.00
mly_365281826381917_001.png	XRoiffeisen Bank	0.93
mly_3664994707120510_000.png	ZARU	0.99
mly_368236051204242_000.png	Kupujm	0.99
mly_369831091107245_000.png	mlinar	1.00
mly_370420394385835_002.png	PULLGBEAF	0.96
mly_370420394385835_003.png	PULL;	0.86
mly_371820047474202_000.png	NLB	0.88
mly_373699528133154_000.png	Pizza	0.96
mly_373699528133154_001.png	Dominos	0.97
mly_375133373859501_002.png	KMu	1.00
mly_375133373859501_014.png	marjiz	0.88
mly_375670893783366_000.png	PEGAZ	0.88
mly_375915393738587_000.png	Osim	0.99
mly_376345438719219_000.png	6Breyer	0.90
mly_377525060251606_000.png	Luxe	1.00
mly_377525060251606_001.png	Cornaro	1.00
mly_377525060251606_002.png	Globo	1.00
mly_377525060251606_003.png	Park	0.85
mly_382289443059602_000.png	Stomatološka	0.96
mly_382289443059602_001.png	ordinacija	0.96
mly_3847762658655437_004.png	JEN	0.87
mly_387207203301534_000.png	emme	1.00
mly_3883366495312031_001.png	ema	0.93
mly_3899705193476166_001.png	DEBOS	0.99
mly_392867153302867_000.png	[IVETA	0.88
mly_3958607410920496_001.png	Aerodrom	1.00
mly_3958607410920496_002.png	Aepoapom	0.87
mly_3958607410920496_003.png	Dobrinja	0.85
mly_3969709316432118_000.png	Grand	0.88
mly_3984439284935259_003.png	kisellak	0.98
mly_4033498973352889_003.png	INS	0.92
mly_4039021189498080_001.png	LOCCITANE	0.88
mly_405169297211971_000.png	IZLAZ	1.00
mly_405169297211971_001.png	ULAZ	0.94
mly_4067951566668170_000.png	Meg	1.00
mly_4089986247762827_000.png	Vispak	0.91
mly_410395220649802_005.png	ŠVABO	1.00
mly_415176894347378_000.png	KONZUM	0.95
mly_4172857599461317_001.png	KOBRA	1.00
mly_424939723724957_000.png	053kih	0.91
mly_4251995924852901_000.png	HOTEL	1.00
mly_4273971062647768_005.png	ZAVJETNA CRKVA	0.97
mly_4273971062647768_006.png	NJOME	1.00
mly_4273971062647768_007.png	NAŠ HRVATSKI NAROD!	0.89
mly_4273971062647768_009.png	CITAV	1.00
mly_429712773528345_001.png	Aut	1.00
mly_433866718653020_003.png	MADISON	0.96
mly_448286103222071_000.png	VICA	0.91
mly_448491554615953_000.png	ATM	1.00
mly_452654684260564_003.png	OTKUP	0.99
mly_452654684260564_004.png	ZLATA	0.94
mly_453786132390094_007.png	SEZONA 2015/2016	0.99
mly_454343168963697_000.png	KVL	0.98
mly_455117925855572_000.png	ecco	0.99
mly_455117925855572_001.png	'hotel	0.87
mly_455924675709316_001.png	Absolute	0.99
mly_456141285485846_000.png	SHOP	0.94
mly_456141285485846_004.png	MUŠKA	1.00
mly_456141285485846_005.png	njegu pasa RUB	0.90
mly_456141285485846_007.png	RUBY	0.99
mly_456141285485846_009.png	Rascesljavanje	0.96
mly_458398418603092_001.png	Astra	0.96
mly_460104831732501_000.png	ban	1.00
mly_460327311926597_000.png	AUSPUH-VULKANIZER	0.86
mly_460520258379534_000.png	(STOP	0.95
mly_460556558576036_000.png	PENNY	0.96
mly_460556558576036_002.png	focus	0.88
mly_460556558576036_003.png	ULAZ	1.00
mly_4640975272583226_000.png	NEBER	0.99
mly_464559178181792_000.png	ultra	0.87
mly_467039624397079_000.png	APOTEKA	1.00
mly_467552267844254_001.png	Cotpbanka	1.00
mly_467570900998250_003.png	TRAFIKA	0.99
mly_467902771149240_004.png	GIANNELLI	0.85
mly_468633474217376_006.png	SAMI	0.95
mly_468633474217376_009.png	fokus	0.89
mly_468929470849225_000.png	AQLOBANKA	0.92
mly_469697264250833_000.png	JET	0.96
mly_469697264250833_005.png	STAR	1.00
mly_470660190808692_009.png	CVJECARNICA	0.99
mly_470660190808692_013.png	SVIEŽE	0.98
mly_470743347520411_000.png	les	0.97
mly_471107090809182_000.png	telemach	1.00
mly_471107090809182_001.png	Tuzla	0.90
mly_473152522280537_011.png	LAMPER	1.00
mly_473278017084602_003.png	Prehrana	1.00
mly_473278017084602_004.png	rana	0.96
mly_473978530554538_001.png	Nihadom	0.98
mly_473978530554538_002.png	Alibegovicem	0.90
mly_474067194021300_000.png	MARTIMEX	1.00
mly_474067194021300_003.png	CHANEL	1.00
mly_475602020396451_000.png	Nula	0.99
mly_475650090594018_003.png	Doc	0.87
mly_476300311467381_000.png	KONCAR	0.96
mly_476864636967129_000.png	stovi	0.85
mly_479223526492847_001.png	ENJOY	0.96
mly_480669939854185_002.png	iNovine	0.94
mly_481892532999112_000.png	Tax	1.00
mly_482485536329245_003.png	BASTA	0.99
mly_482731296114427_000.png	NER	0.96
mly_484946429287507_000.png	KING	0.93
mly_486234056034403_000.png	KONZUM	0.98
mly_487237676029910_002.png	Gorazde	0.99
mly_487237676029910_003.png	Pale	1.00
mly_487586889221781_002.png	Stambeni	1.00
mly_487873045601550_000.png	CEVABDZINICA	0.88
mly_488881772385094_002.png	AUTOKLIME	0.98
mly_490305639050075_001.png	NOA	0.97
mly_490729000460795_000.png	BIPA	1.00
mly_492033870240235_002.png	MAR	1.00
mly_492033870240235_003.png	MAR	1.00
mly_492426955525912_000.png	DIVAN	0.89
mly_493902071950072_000.png	psta	0.92
mly_493902071950072_001.png	Exchar	0.97
mly_494662581884380_003.png	(MAXIMARKET	0.86
mly_494662581884380_005.png	LUNARI	1.00
mly_494854188320909_000.png	PULLGBEAR	0.95
mly_495522528251767_000.png	SCC	0.99
mly_496803593109140_002.png	Dubrovnik	0.98
mly_496803593109140_003.png	Centar	1.00
mly_496861326425807_000.png	[XENIA DESIGN	0.87
mly_496861326425807_002.png	TEHNIKA	1.00
mly_497602056145321_000.png	ROTA	0.90
mly_498131461385686_003.png	Stor	0.91
mly_498220381632895_000.png	2 sata	0.89
mly_500588237732685_000.png	KRKA	1.00
mly_501120747993043_000.png	VANI	0.99
mly_502062847975821_000.png	ONITA	0.95
mly_502187956008087_000.png	Ože	0.99
mly_502717684501714_000.png	PROSTOR	0.89
mly_504020924338848_002.png	~farmacia	0.95
mly_504067487432651_000.png	UDINE	0.88
mly_504131208108544_003.png	PSK	0.87
mly_506223237182680_000.png	Opcina	1.00
mly_506719667018353_000.png	(STOP	0.97
mly_506938163688257_001.png	Servis	0.89
mly_510481543467667_002.png	VRA	0.99
mly_511893433409730_001.png	PATRIZIA PEPE	0.90
mly_512185079794824_003.png	trer	1.00
mly_512185079794824_007.png	dejstvima p	0.90
mly_512590426447349_004.png	Ora	1.00
mly_514549393728421_000.png	Coffee	1.00
mly_515459952810671_001.png	mach	0.93
mly_515796172908218_002.png	Kontrola	0.99
mly_515796172908218_005.png	zine	0.99
mly_518283370804359_000.png	Grou	0.99
mly_520336749346452_000.png	SBERBANK	0.94
mly_520882260991147_014.png	MAR	1.00
mly_524320631900356_002.png	RESTORAN	0.99
mly_524736321867729_000.png	GRAFD	0.88
mly_525471381969338_002.png	TRANSPOR	0.88
mly_526468025428803_000.png	"DULJEVIC"	0.94
mly_527073295315610_002.png	Express poslovnici	0.89
mly_528196011507759_000.png	DROGERIJA	1.00
mly_528487914822011_000.png	Chl	1.00
mly_528789778146360_001.png	DOSTAVA	1.00
mly_528789778146360_002.png	KER	0.95
mly_528789778146360_003.png	Your	1.00
mly_528789778146360_004.png	Best	0.93
mly_5297683290293191_000.png	KRILO STAR	1.00
mly_532618018582123_002.png	Exchange	1.00
mly_534523881581081_001.png	ZONA	0.93
mly_535083308169420_000.png	emmezeta	0.98
mly_535866399491099_000.png	ema	0.99
mly_535885864718230_000.png	TISAK	1.00
mly_536255134068316_002.png	Roboticus metentus	0.99
mly_536255134068316_003.png	Automower	0.99
mly_536255134068316_004.png	Mähroboter	0.91
mly_537336404704292_004.png	Exchange	0.99
mly_539641480749196_001.png	APOTEKA	1.00
mly_5397291310315589_001.png	TICKETS	0.97
mly_541083430388305_007.png	com	0.98
mly_541083430388305_008.png	balonizasve.	0.98
mly_545738107337297_001.png	NKD	1.00
mly_545753363600079_001.png	ATM	0.97
mly_546062550345472_000.png	ARN	0.94
mly_550092679318225_000.png	STOP	0.96
mly_551389971252874_000.png	egame	0.98
mly_555333173162800_000.png	SPARKA	1.00
mly_560002545388371_001.png	APOTEKA	1.00
mly_5626671690683847_000.png	APOTEKA	1.00
mly_568112480832623_000.png	Trajektna	1.00
mly_5681582168549401_002.png	Apoteka	0.95
mly_569531925405885_000.png	Pastering	0.94
mly_570226858508962_001.png	PVC	0.98
mly_571993991203079_001.png	dpd	0.99
mly_5723208904385763_001.png	Astra	0.90
mly_5723208904385763_002.png	SALE	1.00
mly_574576363448406_001.png	mach	1.00
mly_576734709995235_001.png	Radarska	1.00
mly_576734709995235_002.png	kontrola	1.00
mly_577386079904896_000.png	Mercator	1.00
mly_578100153167246_003.png	UPW	0.98
mly_582243492740236_005.png	CORNER	0.88
mly_592667985460048_001.png	Centar	0.97
mly_592667985460048_003.png	Sponsko	0.85
mly_607984962068806_000.png	STELLA	1.00
mly_607984962068806_001.png	ARTOIS	0.98
mly_611114197974420_001.png	ROTA	0.98
mly_611114197974420_002.png	~Irma	0.92
mly_611114197974420_003.png	Tima	1.00
mly_613552541178707_002.png	GARAŽA	0.94
mly_613784869577864_000.png	talemach	0.85
mly_614809703253657_002.png	Fuka	0.94
mly_615489679850014_000.png	Coloseu	0.95
mly_615733452669398_000.png	Europcar	0.87
mly_616653012999780_005.png	tinterijeri	0.85
mly_618099129124477_000.png	Cvjetno	1.00
mly_618099129124477_002.png	naselje	0.99
mly_618099129124477_003.png	Ljubljana	0.99
mly_618099129124477_004.png	ribor	1.00
mly_618099129124477_005.png	Centar	1.00
mly_618099129124477_006.png	Vrbik	0.98
mly_6208999729125549_000.png	MESNICA	0.86
mly_622387905830197_001.png	Advent	0.94
mly_622387905830197_002.png	Zagreb	1.00
mly_627812161511605_004.png	Dubrovnik	0.99
mly_627812161511605_005.png	GLS	0.94
mly_628725139271972_001.png	INNO PLAST	0.98
mly_628725139271972_007.png	Poweredby	0.92
mly_634081067993357_000.png	ulaz	0.99
mly_635308134408601_003.png	MATERIJAL	0.91
mly_6367646086685677_009.png	ZCHFHD	0.99
mly_637204638079727_003.png	GABATELLI	0.98
mly_637204638079727_006.png	Jasmil	0.93
mly_638037575190581_000.png	smort	0.99
mly_639058564250441_001.png	VRAPCE	0.85
mly_642732494663134_002.png	TEM	0.98
mly_654598389399663_000.png	sinkro	0.94
mly_675981327867504_000.png	Boris	0.97
mly_680791873184170_002.png	Vatrogasci	0.86
mly_680830028122120_000.png	Glavni	0.99
mly_680830028122120_001.png	olodvor	1.00
mly_682320236790237_000.png	Glavni	1.00
mly_682320236790237_001.png	Kolodvor	1.00
mly_686697153570389_001.png	VEŠERA	0.99
mly_687763926712395_005.png	UFF	0.91
mly_703525397935605_002.png	CENTER	0.96
mly_703845940869201_001.png	PIZZERIA	1.00
mly_7058542837501883_004.png	014kih	0.85
mly_705941038320595_000.png	dom	1.00
mly_713723980553736_001.png	Veho	0.87
mly_728991965034855_001.png	CASINO	0.89
mly_7290307551029375_002.png	omerec	1.00
mly_7290307551029375_003.png	KFC	1.00
mly_731745964169278_000.png	metropolls	0.96
mly_732061420768085_003.png	pecivo	1.00
mly_737628574037863_002.png	Manmutovac	0.93
mly_738609580829490_000.png	Dinoija	0.97
mly_739013456764787_002.png	PECENO	0.97
mly_7411668975525291_000.png	SALON	0.99
mly_7411668975525291_001.png	PSE	0.97
mly_741522188044663_000.png	emmezeta	1.00
mly_742671641938889_000.png	Prehrana	0.99
mly_743793467164308_000.png	RESTAURANT	1.00
mly_745318800602081_001.png	KOMMERLING	0.92
mly_745318800602081_002.png	TROCAL	1.00
mly_745318800602081_003.png	Vaš lijepi svijet	0.89
mly_745318800602081_004.png	PVC prozora!	0.99
mly_748605132504438_001.png	Bingo	1.00
mly_751246238895166_000.png	PEKARA	1.00
mly_753335165321433_000.png	TRG	0.91
mly_753335165321433_001.png	BANA	0.99
mly_753335165321433_002.png	JOSIPA	0.99
mly_753335165321433_003.png	JELACIGA	0.87
mly_753335165321433_009.png	SPOMEN	0.96
mly_753335165321433_010.png	PROSINACKIM ŽRTVAMA	0.90
mly_753335165321433_014.png	DOMOBR ANSKE PUKOVNIJE	0.88
mly_753335165321433_017.png	SAMOSTALNU REPUBLIKU HRVATSKU	0.90
mly_753335165321433_018.png	UBIJENI SU	0.97
mly_753335165321433_019.png	STROJNICAMA	1.00
mly_753335165321433_020.png	OVE	1.00
mly_753335165321433_021.png	ZGRADE	1.00
mly_753335165321433_022.png	VJECNA	0.90
mly_753335165321433_024.png	SLAVA	0.99
mly_753335165321433_025.png	HVALA	1.00
mly_754005842380517_002.png	urologiju	0.91
mly_754005842380517_003.png	Poliklinika	1.00
mly_755067788473771_000.png	Sit	1.00
mly_758121894879818_000.png	iNovine	0.90
mly_758881741483757_000.png	SPLIT	0.96
mly_759035693380225_001.png	srkni	0.90
mly_759035693380225_002.png	nesto	1.00
mly_759035693380225_003.png	snocoo	0.94
mly_760855679123815_003.png	(STOP	0.92
mly_764338389796142_000.png	znanje	0.96
mly_770916928747518_002.png	Pleso	0.99
mly_771506345204999_005.png	ENGLI	1.00
mly_771506345204999_006.png	PERDRY @	0.91
mly_772174710327564_003.png	ENJOY	0.93
mly_774487077790137_000.png	Auto-8088b	0.87
mly_775449954885925_000.png	ZLATAR	0.95
mly_780561639849261_002.png	SECRET FOR EVER	1.00
mly_780561639849261_003.png	Europa 92	0.97
mly_780561639849261_005.png	Salsa	1.00
mly_780561639849261_006.png	SECRET	1.00
mly_782665799050222_007.png	Zdenka	0.99
mly_787115552643606_001.png	NKD	0.92
mly_787139242188999_001.png	Centar	0.93
mly_787139242188999_005.png	Zagreb	0.91
mly_7880085025345402_000.png	naš	1.00
mly_788734625113281_000.png	WWW	0.96
mly_789555015029658_001.png	Lasko	0.98
mly_789555015029658_003.png	Lsko	0.88
mly_790686040106151_000.png	DETOXCARE	0.89
mly_795315907628633_000.png	sejari	1.00
mly_795315907628633_001.png	VDL PREMIUM	1.00
mly_803333263895477_001.png	[Sunce	0.94
mly_803333263895477_004.png	kvarta	1.00
mly_803333263895477_005.png	Prehrana	1.00
mly_803696124633115_005.png	OFT	0.97
mly_805459797071743_000.png	PAS	0.95
mly_806087546678811_003.png	uredaj	0.99
mly_808073879848206_002.png	Trafika	0.87
mly_811053292838647_000.png	Pošta	0.89
mly_811155023146589_000.png	EROPLAN	0.86
mly_812506689471689_001.png	Heineken	1.00
mly_813466142621983_002.png	Novor	0.89
mly_814360109500422_000.png	RACUNALA	0.97
mly_816911942578678_000.png	SON	0.93
mly_818162613150391_001.png	MKF	0.85
mly_821797735084828_001.png	IZLAZ	0.85
mly_822282932554990_000.png	nuto	0.88
mly_824027843511189_001.png	brodomerkr	0.91
mly_824356626069584_000.png	Auto	0.85
mly_826487877968936_001.png	Luna	0.87
mly_826548451289330_001.png	rket	0.95
mly_826548451289330_002.png	ULAZ	0.99
mly_826548451289330_003.png	Supermarket	0.99
mly_826548451289330_005.png	PENNY	0.99
mly_826608999375710_004.png	Sopot	1.00
mly_827014364855538_000.png	ulaz	1.00
mly_827566797965977_000.png	Bingo	1.00
mly_828260957789971_007.png	Zdenka	0.99
mly_829705627642431_000.png	KOZA	0.86
mly_829909940956338_003.png	AUTC	0.96
mly_833171640616818_000.png	GRANOFF	0.95
mly_842130487359958_000.png	LJEKA	1.00
mly_842130487359958_001.png	PEKARNA	1.00
mly_842309271260660_000.png	OKAF	0.97
mly_848606899393613_001.png	Vas	0.93
mly_850615735490890_000.png	ALMY	1.00
mly_850625662846299_000.png	<Gornji Grad	0.92
mly_851292523111720_000.png	EUM	1.00
mly_851292523111720_001.png	CIDE	1.00
mly_855721732244919_000.png	ortska kladionica	0.91
mly_855721732244919_003.png	OSIGURANJE	1.00
mly_855906971691644_000.png	KONZUM	1.00
mly_856551339356199_001.png	Pinac	0.91
mly_864094314141954_000.png	Ulica	0.89
mly_864094314141954_007.png	POŠTANSI	0.98
mly_864842147457445_001.png	KARLA	0.99
mly_864842147457445_002.png	Ime	0.99
mly_869302336982225_000.png	FRCX	1.00
mly_873730739849813_004.png	Beauty	0.99
mly_873730739849813_005.png	Cen-ar	0.89
mly_873730739849813_007.png	hitisa i alergija	0.99
mly_873730739849813_017.png	ekcema, uboda	0.95
mly_873730739849813_018.png	insekata	0.87
mly_873730739849813_022.png	info tel:	0.87
mly_873730739849813_024.png	CENTAR	0.98
mly_873730739849813_026.png	crnog	1.00
mly_873730739849813_027.png	kima	1.00
mly_873730739849813_028.png	porucamo	0.87
mly_873730739849813_029.png	kod:	1.00
mly_873730739849813_033.png	hod	0.91
mly_873730739849813_034.png	kod:	1.00
mly_875374021403210_001.png	Cisti	0.99
mly_881038520450285_000.png	KBC Rebro	1.00
mly_881875787056337_002.png	ERI	0.96
mly_883551821370277_008.png	ZUNZI	0.93
mly_885424222189513_002.png	Plus	1.00
mly_886453002144311_000.png	OHERC	0.91
mly_892895322996902_007.png	Ljekarna	1.00
mly_895213474371932_001.png	Pla	0.87
mly_897734567738538_000.png	Policija	1.00
mly_899918218086756_003.png	notvello	0.92
mly_899918218086756_005.png	URAR	1.00
mly_900240597226405_002.png	KONZUM	0.97
mly_900825410696722_000.png	Banka	0.92
mly_907245479841569_000.png	Organic	0.97
mly_908829927335997_007.png	DOBRODOŠEL	0.95
mly_909027163272663_002.png	KLADIONIC	0.89
mly_909954506585627_004.png	kds	0.90
mly_911077529981233_000.png	(STOP	0.91
mly_913232139250614_004.png	APOTEKA	0.94
mly_914088723563674_001.png	GRIJANJE	1.00
mly_914809409075533_002.png	SALE	0.90
mly_914841202640150_004.png	CITY	0.85
mly_915764755651228_000.png	IZLAZ	0.90
mly_917028849084092_000.png	Pun	1.00
mly_917181582414217_001.png	RISPET	1.00
mly_919138118878834_000.png	NEMOJTE MUCITI	0.87
mly_920449550461533_001.png	CA;INO	0.85
mly_925744038265515_002.png	Money	1.00
mly_925744038265515_003.png	exchange	1.00
mly_926243228218229_000.png	P@RT	0.87
mly_926243228218229_005.png	super	0.99
mly_926243228218229_006.png	arket	0.99
mly_928592921258042_000.png	HOTE	1.00
mly_928613996704824_000.png	'QUE	0.99
mly_928730227968761_001.png	JOGA	0.94
mly_930468584420440_000.png	fokus	1.00
mly_933399152881951_001.png	Vila	1.00
mly_935560727239050_005.png	WESTPORT	0.99
mly_935892084811629_000.png	Villa Hana	0.85
mly_940014294688032_001.png	MUJANIC	0.97
mly_940400396735629_001.png	COLD DRINKS	0.88
mly_940400396735629_002.png	Mülle	1.00
mly_940400396735629_004.png	DROGERIJA	0.95
mly_940400396735629_005.png	USPOREDITE NAŠ	1.00
mly_944741016312436_000.png	JOKER	0.99
mly_944950399672352_001.png	Lingu	0.95
mly_945161691452969_000.png	PARTMANI	0.97
mly_946765946153303_004.png	EXCHA	0.96
mly_947742541290931_003.png	TOURS	0.94
mly_949945135773495_002.png	PEKARA	1.00
mly_950387025771399_000.png	GLU	0.96
mly_950576682423643_000.png	Fil	0.88
mly_951151048965698_000.png	MARVI	0.87
mly_951277095632404_001.png	DINAMOVI	0.95
mly_952054583971207_000.png	ARCHIE	0.97
mly_952081472310820_000.png	HOIEL	0.95
mly_954848433397412_002.png	INOMA	1.00
mly_954848433397412_004.png	HOME	1.00
mly_954848433397412_006.png	ENGLISH	1.00
mly_957287068353272_001.png	TOYOTA	1.00
mly_957969642965761_000.png	ema	0.87
mly_959219448258040_004.png	WENJACNICA	0.98
mly_959219448258040_005.png	EXCHANGE	1.00
mly_959219448258040_007.png	OTKUP	1.00
mly_959904889843728_000.png	TISAK	1.00
mly_959904889843728_003.png	Spuddy	0.86
mly_959904889843728_004.png	Jana	1.00
mly_959904889843728_006.png	Jana	0.99
mly_959904889843728_007.png	TISAK	0.92
mly_960602451352642_000.png	POSTANS	0.96
mly_962034159186265_001.png	ENERGY	1.00
mly_962034159186265_002.png	CENTAR	1.00
mly_962397066300834_002.png	kur	1.00
mly_963128864491545_000.png	Dan	0.97
mly_972513808550565_002.png	Mano	0.95
mly_972617504619684_002.png	CFNTAR	0.93
mly_973398158019473_000.png	ema	0.99
mly_974073300035954_000.png	KEMOPROM	0.97
mly_975673303201769_001.png	mac	0.98
mly_977171217669890_000.png	ema	1.00
mly_977878086284894_005.png	alca	0.86
mly_982800529157363_000.png	MESNICA	0.99
mly_982800529157363_006.png	ZELEMA	0.88
mly_990474901357053_000.png	ALMY	1.00
mly_992358167963378_000.png	otrepštine	0.88
mly_992594107160137_002.png	"sccondo	0.89
mly_993927261145302_001.png	VIP	0.97
mly_996216927872767_006.png	dije ovi	0.86
mly_996381806153478_000.png	Anrioue	0.95
