file	screen_url	page_url	license	attribution
War_Memorial_in_Kučine_BiH_2024.jpg	https://upload.wikimedia.org/wikipedia/commons/thumb/8/87/War_Memorial_in_Ku%C4%8Dine%2C_BiH%2C_2024.jpg/1280px-War_Memorial_in_Ku%C4%8Dine%2C_BiH%2C_2024.jpg?utm_source=commons.wikimedia.org&utm_campaign=imageinfo&utm_content=thumbnail	https://commons.wikimedia.org/wiki/File:War_Memorial_in_Ku%C4%8Dine,_BiH,_2024.jpg	CC0	Bdx
Road_to_Baljevac_-_panoramio.jpg	https://upload.wikimedia.org/wikipedia/commons/thumb/a/af/Road_to_Baljevac_-_panoramio.jpg/1280px-Road_to_Baljevac_-_panoramio.jpg?utm_source=commons.wikimedia.org&utm_campaign=imageinfo&utm_content=thumbnail	https://commons.wikimedia.org/wiki/File:Road_to_Baljevac_-_panoramio.jpg	CC BY 3.0	Hasan Zulic
Trg-žrtava-ŠB03078.JPG	https://upload.wikimedia.org/wikipedia/commons/thumb/e/e3/Trg-%C5%BErtava-%C5%A0B03078.JPG/1280px-Trg-%C5%BErtava-%C5%A0B03078.JPG?utm_source=commons.wikimedia.org&utm_campaign=imageinfo&utm_content=thumbnail	https://commons.wikimedia.org/wiki/File:Trg-%C5%BErtava-%C5%A0B03078.JPG	CC BY-SA 3.0	Anto ( talk ) 19:15, 24 August 2009 (UTC)
Spanish_square_08034.JPG	https://upload.wikimedia.org/wikipedia/commons/thumb/1/15/Spanish_square_08034.JPG/1280px-Spanish_square_08034.JPG?utm_source=commons.wikimedia.org&utm_campaign=imageinfo&utm_content=thumbnail	https://commons.wikimedia.org/wiki/File:Spanish_square_08034.JPG	CC BY-SA 3.0	Anto ( talk ) 19:52, 19 May 2009 (UTC)
Spanish_square_08030.JPG	https://upload.wikimedia.org/wikipedia/commons/thumb/3/33/Spanish_square_08030.JPG/1280px-Spanish_square_08030.JPG?utm_source=commons.wikimedia.org&utm_campaign=imageinfo&utm_content=thumbnail	https://commons.wikimedia.org/wiki/File:Spanish_square_08030.JPG	CC BY-SA 3.0	Anto ( talk ) 19:51, 19 May 2009 (UTC)
Bosnian_Handicrafts_at_Bascarsija.jpg	https://upload.wikimedia.org/wikipedia/commons/thumb/b/b5/Bosnian_Handicrafts_at_Bascarsija.jpg/1280px-Bosnian_Handicrafts_at_Bascarsija.jpg?utm_source=commons.wikimedia.org&utm_campaign=imageinfo&utm_content=thumbnail	https://commons.wikimedia.org/wiki/File:Bosnian_Handicrafts_at_Bascarsija.jpg	CC BY-SA 4.0	Jaimrsilva
Editing_Wikipedia_Workshop_in_Visegrad_-_76.JPG	https://upload.wikimedia.org/wikipedia/commons/thumb/e/eb/Editing_Wikipedia_Workshop_in_Visegrad_-_76.JPG/1280px-Editing_Wikipedia_Workshop_in_Visegrad_-_76.JPG?utm_source=commons.wikimedia.org&utm_campaign=imageinfo&utm_content=thumbnail	https://commons.wikimedia.org/wiki/File:Editing_Wikipedia_Workshop_in_Visegrad_-_76.JPG	CC BY-SA 4.0	Јелена Продановић
Sarajevo_road_M-a8_IMG_1166.JPG	https://upload.wikimedia.org/wikipedia/commons/thumb/9/99/Sarajevo_road_M-a8_IMG_1166.JPG/1280px-Sarajevo_road_M-a8_IMG_1166.JPG?utm_source=commons.wikimedia.org&utm_campaign=imageinfo&utm_content=thumbnail	https://commons.wikimedia.org/wiki/File:Sarajevo_road_M-a8_IMG_1166.JPG	CC BY-SA 3.0	Bjoertvedt
Putokaz_za_manastir_Krupu.jpg	https://upload.wikimedia.org/wikipedia/commons/f/ff/Putokaz_za_manastir_Krupu.jpg?utm_source=commons.wikimedia.org&utm_campaign=imageinfo&utm_content=thumbnail_unscaled	https://commons.wikimedia.org/wiki/File:Putokaz_za_manastir_Krupu.jpg	CC BY-SA 4.0	Rade Nagraisalović
Narrow-Gauge-Railway_Spalatobahn_Station-Travnik.jpg	https://upload.wikimedia.org/wikipedia/commons/thumb/a/af/Narrow-Gauge-Railway_Spalatobahn_Station-Travnik.jpg/1280px-Narrow-Gauge-Railway_Spalatobahn_Station-Travnik.jpg?utm_source=commons.wikimedia.org&utm_campaign=imageinfo&utm_content=thumbnail	https://commons.wikimedia.org/wiki/File:Narrow-Gauge-Railway_Spalatobahn_Station-Travnik.jpg	Public domain	C. S. 552 Postkartenverlag Cappon in Sarajevo, Franz Josefstr. 12
Trg_Krajine_čajavčev_i_ulaz_u_gospodsku.jpg	https://upload.wikimedia.org/wikipedia/commons/9/9a/Trg_Krajine%2C%C4%8Dajav%C4%8Dev_i_ulaz_u_gospodsku.jpg?utm_source=commons.wikimedia.org&utm_campaign=imageinfo&utm_content=thumbnail_unscaled	https://commons.wikimedia.org/wiki/File:Trg_Krajine,%C4%8Dajav%C4%8Dev_i_ulaz_u_gospodsku.jpg	CC BY-SA 4.0	Rade Nagraisalović
Mostar_Street_3.jpg	https://upload.wikimedia.org/wikipedia/commons/4/43/Mostar_Street_3.jpg?utm_source=commons.wikimedia.org&utm_campaign=imageinfo&utm_content=thumbnail_unscaled	https://commons.wikimedia.org/wiki/File:Mostar_Street_3.jpg	CC BY-SA 3.0	Bizutage
Banjaluka_streetmap.jpg	https://upload.wikimedia.org/wikipedia/commons/1/1c/Banjaluka_streetmap.jpg?utm_source=commons.wikimedia.org&utm_campaign=imageinfo&utm_content=thumbnail_unscaled	https://commons.wikimedia.org/wiki/File:Banjaluka_streetmap.jpg	CC BY-SA 2.0	OpenStreetMap.org
Sarajevo_EP-Gas-Station_Bulevar-Mese-Selimovica_2011-11-04_2_.jpg	https://upload.wikimedia.org/wikipedia/commons/thumb/3/36/Sarajevo_EP-Gas-Station_Bulevar-Mese-Selimovica_2011-11-04_%282%29.jpg/1280px-Sarajevo_EP-Gas-Station_Bulevar-Mese-Selimovica_2011-11-04_%282%29.jpg?utm_source=commons.wikimedia.org&utm_campaign=imageinfo&utm_content=thumbnail	https://commons.wikimedia.org/wiki/File:Sarajevo_EP-Gas-Station_Bulevar-Mese-Selimovica_2011-11-04_(2).jpg	CC BY-SA 4.0	Milan Suvajac
Direction_sign_to_Old_city_of_Kljuc.jpg	https://upload.wikimedia.org/wikipedia/commons/5/54/Direction_sign_to_Old_city_of_Kljuc.jpg?utm_source=commons.wikimedia.org&utm_campaign=imageinfo&utm_content=thumbnail_unscaled	https://commons.wikimedia.org/wiki/File:Direction_sign_to_Old_city_of_Kljuc.jpg	CC BY 2.0	Brenda Annerl
Sarajevo_Trebević_Sign.jpg	https://upload.wikimedia.org/wikipedia/commons/thumb/e/ed/Sarajevo_%E2%80%93_Trebevi%C4%87_Sign.jpg/1280px-Sarajevo_%E2%80%93_Trebevi%C4%87_Sign.jpg?utm_source=commons.wikimedia.org&utm_campaign=imageinfo&utm_content=thumbnail	https://commons.wikimedia.org/wiki/File:Sarajevo_%E2%80%93_Trebevi%C4%87_Sign.jpg	CC BY-SA 3.0	Julian Nyča
Spanish_square_08037.JPG	https://upload.wikimedia.org/wikipedia/commons/thumb/5/53/Spanish_square_08037.JPG/1280px-Spanish_square_08037.JPG?utm_source=commons.wikimedia.org&utm_campaign=imageinfo&utm_content=thumbnail	https://commons.wikimedia.org/wiki/File:Spanish_square_08037.JPG	CC BY-SA 3.0	Anto ( talk ) 19:53, 19 May 2009 (UTC)
Tuzla_-_Abandoned_boat_in_a_street_2019_.jpg	https://upload.wikimedia.org/wikipedia/commons/thumb/f/f8/Tuzla_-_Abandoned_boat_in_a_street_%282019%29.jpg/1280px-Tuzla_-_Abandoned_boat_in_a_street_%282019%29.jpg?utm_source=commons.wikimedia.org&utm_campaign=imageinfo&utm_content=thumbnail	https://commons.wikimedia.org/wiki/File:Tuzla_-_Abandoned_boat_in_a_street_(2019).jpg	CC BY-SA 4.0	Sebleouf
Mis_Irbina_Street_in_Sarajevo_03.jpg	https://upload.wikimedia.org/wikipedia/commons/thumb/1/1b/Mis_Irbina_Street_in_Sarajevo_03.jpg/1280px-Mis_Irbina_Street_in_Sarajevo_03.jpg?utm_source=commons.wikimedia.org&utm_campaign=imageinfo&utm_content=thumbnail	https://commons.wikimedia.org/wiki/File:Mis_Irbina_Street_in_Sarajevo_03.jpg	CC BY-SA 4.0	BuhaM
Road_signs_Sarajevo.jpg	https://upload.wikimedia.org/wikipedia/commons/thumb/f/f0/Road_signs%2C_Sarajevo.jpg/1280px-Road_signs%2C_Sarajevo.jpg?utm_source=commons.wikimedia.org&utm_campaign=imageinfo&utm_content=thumbnail	https://commons.wikimedia.org/wiki/File:Road_signs,_Sarajevo.jpg	CC BY-SA 3.0	Smooth_O ( talk · contribs )
Ulica_S._Radića-Vitez09342.JPG	https://upload.wikimedia.org/wikipedia/commons/thumb/c/c0/Ulica_S._Radi%C4%87a-Vitez09342.JPG/1280px-Ulica_S._Radi%C4%87a-Vitez09342.JPG?utm_source=commons.wikimedia.org&utm_campaign=imageinfo&utm_content=thumbnail	https://commons.wikimedia.org/wiki/File:Ulica_S._Radi%C4%87a-Vitez09342.JPG	CC BY-SA 3.0	Quahadi Añtó 08:27, 27 April 2010 (UTC)
Entrance_to_Bosnia_and_Herzegovina_at_Brod.jpg	https://upload.wikimedia.org/wikipedia/commons/thumb/9/98/Entrance_to_Bosnia_and_Herzegovina_at_Brod.jpg/1280px-Entrance_to_Bosnia_and_Herzegovina_at_Brod.jpg?utm_source=commons.wikimedia.org&utm_campaign=imageinfo&utm_content=thumbnail	https://commons.wikimedia.org/wiki/File:Entrance_to_Bosnia_and_Herzegovina_at_Brod.jpg	CC BY-SA 2.0	Saskia van de Nieuwenhof from Edinburgh, United Kingdom
Putokaz2.jpg	https://upload.wikimedia.org/wikipedia/commons/thumb/e/ed/Putokaz2.jpg/1280px-Putokaz2.jpg?utm_source=commons.wikimedia.org&utm_campaign=imageinfo&utm_content=thumbnail	https://commons.wikimedia.org/wiki/File:Putokaz2.jpg	CC BY-SA 4.0	Rade Nagraisalović
GiPS_Bus_Lion_s_City_03.jpg	https://upload.wikimedia.org/wikipedia/commons/thumb/4/46/GiPS_Bus_Lion%27s_City_03.jpg/1280px-GiPS_Bus_Lion%27s_City_03.jpg?utm_source=commons.wikimedia.org&utm_campaign=imageinfo&utm_content=thumbnail	https://commons.wikimedia.org/wiki/File:GiPS_Bus_Lion%27s_City_03.jpg	CC BY 4.0	KalyEV.
Mostar_signs.JPG	https://upload.wikimedia.org/wikipedia/commons/thumb/4/42/Mostar_signs.JPG/1280px-Mostar_signs.JPG?utm_source=commons.wikimedia.org&utm_campaign=imageinfo&utm_content=thumbnail	https://commons.wikimedia.org/wiki/File:Mostar_signs.JPG	CC BY-SA 4.0	Vikiçizer
Street_in_Međugorje.jpg	https://upload.wikimedia.org/wikipedia/commons/thumb/5/5c/Street_in_Me%C4%91ugorje.jpg/1280px-Street_in_Me%C4%91ugorje.jpg?utm_source=commons.wikimedia.org&utm_campaign=imageinfo&utm_content=thumbnail	https://commons.wikimedia.org/wiki/File:Street_in_Me%C4%91ugorje.jpg	CC BY 2.5	Ante Perkovic
Tuzla_-_Ulica_Turalibegova_-_n18_2019_.jpg	https://upload.wikimedia.org/wikipedia/commons/thumb/1/14/Tuzla_-_Ulica_Turalibegova_-_n18_%282019%29.jpg/1280px-Tuzla_-_Ulica_Turalibegova_-_n18_%282019%29.jpg?utm_source=commons.wikimedia.org&utm_campaign=imageinfo&utm_content=thumbnail	https://commons.wikimedia.org/wiki/File:Tuzla_-_Ulica_Turalibegova_-_n18_(2019).jpg	CC BY-SA 4.0	Sebleouf
Ulica_S._Radića-Vitez09344.JPG	https://upload.wikimedia.org/wikipedia/commons/thumb/2/29/Ulica_S._Radi%C4%87a-Vitez09344.JPG/1280px-Ulica_S._Radi%C4%87a-Vitez09344.JPG?utm_source=commons.wikimedia.org&utm_campaign=imageinfo&utm_content=thumbnail	https://commons.wikimedia.org/wiki/File:Ulica_S._Radi%C4%87a-Vitez09344.JPG	CC BY-SA 3.0	Quahadi Añtó 08:27, 27 April 2010 (UTC)
Jewish_Street_Tuzla_Bosnia.jpg	https://upload.wikimedia.org/wikipedia/commons/9/96/Jewish_Street%2C_Tuzla%2C_Bosnia.jpg?utm_source=commons.wikimedia.org&utm_campaign=imageinfo&utm_content=thumbnail_unscaled	https://commons.wikimedia.org/wiki/File:Jewish_Street,_Tuzla,_Bosnia.jpg	CC BY-SA 2.0	kitestramuort
Plaque_at_the_Battle_of_the_Sutjeska_memorial.jpg	https://upload.wikimedia.org/wikipedia/commons/thumb/6/60/Plaque_at_the_Battle_of_the_Sutjeska_memorial.jpg/1280px-Plaque_at_the_Battle_of_the_Sutjeska_memorial.jpg?utm_source=commons.wikimedia.org&utm_campaign=imageinfo&utm_content=thumbnail	https://commons.wikimedia.org/wiki/File:Plaque_at_the_Battle_of_the_Sutjeska_memorial.jpg	CC BY 2.0	xinem from GR, USA
Trg-kralja-tomislav-livno00658.JPG	https://upload.wikimedia.org/wikipedia/commons/thumb/0/03/Trg-kralja-tomislav-livno00658.JPG/1280px-Trg-kralja-tomislav-livno00658.JPG?utm_source=commons.wikimedia.org&utm_campaign=imageinfo&utm_content=thumbnail	https://commons.wikimedia.org/wiki/File:Trg-kralja-tomislav-livno00658.JPG	CC BY-SA 3.0	13:56, 5 July 2009 (UTC)
Visoko_trg.jpg	https://upload.wikimedia.org/wikipedia/commons/thumb/8/85/Visoko_trg.jpg/1280px-Visoko_trg.jpg?utm_source=commons.wikimedia.org&utm_campaign=imageinfo&utm_content=thumbnail	https://commons.wikimedia.org/wiki/File:Visoko_trg.jpg	CC0	Mhare
Gospodska_ulica_27.JPG	https://upload.wikimedia.org/wikipedia/commons/thumb/f/f1/Gospodska_ulica_27.JPG/1280px-Gospodska_ulica_27.JPG?utm_source=commons.wikimedia.org&utm_campaign=imageinfo&utm_content=thumbnail	https://commons.wikimedia.org/wiki/File:Gospodska_ulica_27.JPG	CC BY-SA 3.0	NinaEkvador
Assasination_Plaque.JPG	https://upload.wikimedia.org/wikipedia/commons/thumb/9/9f/Assasination_Plaque.JPG/1280px-Assasination_Plaque.JPG?utm_source=commons.wikimedia.org&utm_campaign=imageinfo&utm_content=thumbnail	https://commons.wikimedia.org/wiki/File:Assasination_Plaque.JPG	CC0	Rudolph.A.furtado
Sarajevo_Street_in_Baku.jpg	https://upload.wikimedia.org/wikipedia/commons/thumb/6/60/Sarajevo_Street_in_Baku.jpg/1280px-Sarajevo_Street_in_Baku.jpg?utm_source=commons.wikimedia.org&utm_campaign=imageinfo&utm_content=thumbnail	https://commons.wikimedia.org/wiki/File:Sarajevo_Street_in_Baku.jpg	CC BY-SA 4.0	Interfase
Tuzla_-_Ulica_Jalska_2019_.jpg	https://upload.wikimedia.org/wikipedia/commons/thumb/e/e1/Tuzla_-_Ulica_Jalska_%282019%29.jpg/1280px-Tuzla_-_Ulica_Jalska_%282019%29.jpg?utm_source=commons.wikimedia.org&utm_campaign=imageinfo&utm_content=thumbnail	https://commons.wikimedia.org/wiki/File:Tuzla_-_Ulica_Jalska_(2019).jpg	CC BY-SA 4.0	Sebleouf
WV_banner_NE_Bosnia_Tuzla_old_town.jpg	https://upload.wikimedia.org/wikipedia/commons/thumb/e/e2/WV_banner_NE_Bosnia_Tuzla_old_town.jpg/1280px-WV_banner_NE_Bosnia_Tuzla_old_town.jpg?utm_source=commons.wikimedia.org&utm_campaign=imageinfo&utm_content=thumbnail	https://commons.wikimedia.org/wiki/File:WV_banner_NE_Bosnia_Tuzla_old_town.jpg	CC0	Deanza7
Sarajevo_Trolleybus-4416_Line-102_2011-11-05.jpg	https://upload.wikimedia.org/wikipedia/commons/thumb/a/ac/Sarajevo_Trolleybus-4416_Line-102_2011-11-05.jpg/1280px-Sarajevo_Trolleybus-4416_Line-102_2011-11-05.jpg?utm_source=commons.wikimedia.org&utm_campaign=imageinfo&utm_content=thumbnail	https://commons.wikimedia.org/wiki/File:Sarajevo_Trolleybus-4416_Line-102_2011-11-05.jpg	CC BY-SA 4.0	Milan Suvajac
Međugorje_Banner.jpg	https://upload.wikimedia.org/wikipedia/commons/thumb/7/71/Me%C4%91ugorje_Banner.jpg/1280px-Me%C4%91ugorje_Banner.jpg?utm_source=commons.wikimedia.org&utm_campaign=imageinfo&utm_content=thumbnail	https://commons.wikimedia.org/wiki/File:Me%C4%91ugorje_Banner.jpg	CC BY-SA 4.0	Piotr Gurgul
Tuzla_-_INA_petrol_station_2019_.jpg	https://upload.wikimedia.org/wikipedia/commons/thumb/3/3c/Tuzla_-_INA_petrol_station_%282019%29.jpg/1280px-Tuzla_-_INA_petrol_station_%282019%29.jpg?utm_source=commons.wikimedia.org&utm_campaign=imageinfo&utm_content=thumbnail	https://commons.wikimedia.org/wiki/File:Tuzla_-_INA_petrol_station_(2019).jpg	CC BY-SA 4.0	Sebleouf
